2025-04-07 22:00:26,909 - org.apache.skywalking.oap.server.starter.config.ApplicationConfigLoader - 185 [main] INFO  [] - Remove module receiver-zabbix without any provider
2025-04-07 22:00:26,912 - org.apache.skywalking.oap.server.starter.config.ApplicationConfigLoader - 185 [main] INFO  [] - Remove module kafka-fetcher without any provider
2025-04-07 22:00:26,912 - org.apache.skywalking.oap.server.starter.config.ApplicationConfigLoader - 185 [main] INFO  [] - Remove module cilium-fetcher without any provider
2025-04-07 22:00:26,913 - org.apache.skywalking.oap.server.starter.config.ApplicationConfigLoader - 185 [main] INFO  [] - Remove module receiver-zipkin without any provider
2025-04-07 22:00:26,913 - org.apache.skywalking.oap.server.starter.config.ApplicationConfigLoader - 185 [main] INFO  [] - Remove module query-zipkin without any provider
2025-04-07 22:00:26,913 - org.apache.skywalking.oap.server.starter.config.ApplicationConfigLoader - 185 [main] INFO  [] - Remove module exporter without any provider
2025-04-07 22:00:26,914 - org.apache.skywalking.oap.server.starter.config.ApplicationConfigLoader - 185 [main] INFO  [] - Remove module health-checker without any provider
2025-04-07 22:00:26,914 - org.apache.skywalking.oap.server.starter.config.ApplicationConfigLoader - 78 [main] INFO  [] - Get a module define from application.yml, module name: cluster
2025-04-07 22:00:26,915 - org.apache.skywalking.oap.server.starter.config.ApplicationConfigLoader - 82 [main] INFO  [] - Get a provider define belong to cluster module, provider name: standalone
2025-04-07 22:00:26,916 - org.apache.skywalking.oap.server.starter.config.ApplicationConfigLoader - 78 [main] INFO  [] - Get a module define from application.yml, module name: core
2025-04-07 22:00:26,916 - org.apache.skywalking.oap.server.starter.config.ApplicationConfigLoader - 82 [main] INFO  [] - Get a provider define belong to core module, provider name: default
2025-04-07 22:00:26,922 - org.apache.skywalking.oap.server.starter.config.ApplicationConfigLoader - 78 [main] INFO  [] - Get a module define from application.yml, module name: storage
2025-04-07 22:00:26,923 - org.apache.skywalking.oap.server.starter.config.ApplicationConfigLoader - 82 [main] INFO  [] - Get a provider define belong to storage module, provider name: mysql
2025-04-07 22:00:26,925 - org.apache.skywalking.oap.server.starter.config.ApplicationConfigLoader - 78 [main] INFO  [] - Get a module define from application.yml, module name: agent-analyzer
2025-04-07 22:00:26,925 - org.apache.skywalking.oap.server.starter.config.ApplicationConfigLoader - 82 [main] INFO  [] - Get a provider define belong to agent-analyzer module, provider name: default
2025-04-07 22:00:26,926 - org.apache.skywalking.oap.server.starter.config.ApplicationConfigLoader - 78 [main] INFO  [] - Get a module define from application.yml, module name: log-analyzer
2025-04-07 22:00:26,926 - org.apache.skywalking.oap.server.starter.config.ApplicationConfigLoader - 82 [main] INFO  [] - Get a provider define belong to log-analyzer module, provider name: default
2025-04-07 22:00:26,927 - org.apache.skywalking.oap.server.starter.config.ApplicationConfigLoader - 78 [main] INFO  [] - Get a module define from application.yml, module name: event-analyzer
2025-04-07 22:00:26,927 - org.apache.skywalking.oap.server.starter.config.ApplicationConfigLoader - 82 [main] INFO  [] - Get a provider define belong to event-analyzer module, provider name: default
2025-04-07 22:00:26,927 - org.apache.skywalking.oap.server.starter.config.ApplicationConfigLoader - 78 [main] INFO  [] - Get a module define from application.yml, module name: receiver-sharing-server
2025-04-07 22:00:26,927 - org.apache.skywalking.oap.server.starter.config.ApplicationConfigLoader - 82 [main] INFO  [] - Get a provider define belong to receiver-sharing-server module, provider name: default
2025-04-07 22:00:26,928 - org.apache.skywalking.oap.server.starter.config.ApplicationConfigLoader - 78 [main] INFO  [] - Get a module define from application.yml, module name: receiver-register
2025-04-07 22:00:26,928 - org.apache.skywalking.oap.server.starter.config.ApplicationConfigLoader - 82 [main] INFO  [] - Get a provider define belong to receiver-register module, provider name: default
2025-04-07 22:00:26,928 - org.apache.skywalking.oap.server.starter.config.ApplicationConfigLoader - 78 [main] INFO  [] - Get a module define from application.yml, module name: receiver-trace
2025-04-07 22:00:26,928 - org.apache.skywalking.oap.server.starter.config.ApplicationConfigLoader - 82 [main] INFO  [] - Get a provider define belong to receiver-trace module, provider name: default
2025-04-07 22:00:26,928 - org.apache.skywalking.oap.server.starter.config.ApplicationConfigLoader - 78 [main] INFO  [] - Get a module define from application.yml, module name: receiver-jvm
2025-04-07 22:00:26,929 - org.apache.skywalking.oap.server.starter.config.ApplicationConfigLoader - 82 [main] INFO  [] - Get a provider define belong to receiver-jvm module, provider name: default
2025-04-07 22:00:26,929 - org.apache.skywalking.oap.server.starter.config.ApplicationConfigLoader - 78 [main] INFO  [] - Get a module define from application.yml, module name: receiver-clr
2025-04-07 22:00:26,929 - org.apache.skywalking.oap.server.starter.config.ApplicationConfigLoader - 82 [main] INFO  [] - Get a provider define belong to receiver-clr module, provider name: default
2025-04-07 22:00:26,929 - org.apache.skywalking.oap.server.starter.config.ApplicationConfigLoader - 78 [main] INFO  [] - Get a module define from application.yml, module name: receiver-profile
2025-04-07 22:00:26,929 - org.apache.skywalking.oap.server.starter.config.ApplicationConfigLoader - 82 [main] INFO  [] - Get a provider define belong to receiver-profile module, provider name: default
2025-04-07 22:00:26,929 - org.apache.skywalking.oap.server.starter.config.ApplicationConfigLoader - 78 [main] INFO  [] - Get a module define from application.yml, module name: service-mesh
2025-04-07 22:00:26,929 - org.apache.skywalking.oap.server.starter.config.ApplicationConfigLoader - 82 [main] INFO  [] - Get a provider define belong to service-mesh module, provider name: default
2025-04-07 22:00:26,930 - org.apache.skywalking.oap.server.starter.config.ApplicationConfigLoader - 78 [main] INFO  [] - Get a module define from application.yml, module name: envoy-metric
2025-04-07 22:00:26,930 - org.apache.skywalking.oap.server.starter.config.ApplicationConfigLoader - 82 [main] INFO  [] - Get a provider define belong to envoy-metric module, provider name: default
2025-04-07 22:00:26,930 - org.apache.skywalking.oap.server.starter.config.ApplicationConfigLoader - 78 [main] INFO  [] - Get a module define from application.yml, module name: receiver-meter
2025-04-07 22:00:26,931 - org.apache.skywalking.oap.server.starter.config.ApplicationConfigLoader - 82 [main] INFO  [] - Get a provider define belong to receiver-meter module, provider name: default
2025-04-07 22:00:26,931 - org.apache.skywalking.oap.server.starter.config.ApplicationConfigLoader - 78 [main] INFO  [] - Get a module define from application.yml, module name: receiver-otel
2025-04-07 22:00:26,931 - org.apache.skywalking.oap.server.starter.config.ApplicationConfigLoader - 82 [main] INFO  [] - Get a provider define belong to receiver-otel module, provider name: default
2025-04-07 22:00:26,931 - org.apache.skywalking.oap.server.starter.config.ApplicationConfigLoader - 78 [main] INFO  [] - Get a module define from application.yml, module name: receiver-browser
2025-04-07 22:00:26,931 - org.apache.skywalking.oap.server.starter.config.ApplicationConfigLoader - 82 [main] INFO  [] - Get a provider define belong to receiver-browser module, provider name: default
2025-04-07 22:00:26,931 - org.apache.skywalking.oap.server.starter.config.ApplicationConfigLoader - 78 [main] INFO  [] - Get a module define from application.yml, module name: receiver-log
2025-04-07 22:00:26,931 - org.apache.skywalking.oap.server.starter.config.ApplicationConfigLoader - 82 [main] INFO  [] - Get a provider define belong to receiver-log module, provider name: default
2025-04-07 22:00:26,932 - org.apache.skywalking.oap.server.starter.config.ApplicationConfigLoader - 78 [main] INFO  [] - Get a module define from application.yml, module name: query
2025-04-07 22:00:26,932 - org.apache.skywalking.oap.server.starter.config.ApplicationConfigLoader - 82 [main] INFO  [] - Get a provider define belong to query module, provider name: graphql
2025-04-07 22:00:26,932 - org.apache.skywalking.oap.server.starter.config.ApplicationConfigLoader - 78 [main] INFO  [] - Get a module define from application.yml, module name: promql
2025-04-07 22:00:26,932 - org.apache.skywalking.oap.server.starter.config.ApplicationConfigLoader - 82 [main] INFO  [] - Get a provider define belong to promql module, provider name: default
2025-04-07 22:00:26,932 - org.apache.skywalking.oap.server.starter.config.ApplicationConfigLoader - 78 [main] INFO  [] - Get a module define from application.yml, module name: logql
2025-04-07 22:00:26,933 - org.apache.skywalking.oap.server.starter.config.ApplicationConfigLoader - 82 [main] INFO  [] - Get a provider define belong to logql module, provider name: default
2025-04-07 22:00:26,933 - org.apache.skywalking.oap.server.starter.config.ApplicationConfigLoader - 78 [main] INFO  [] - Get a module define from application.yml, module name: alarm
2025-04-07 22:00:26,933 - org.apache.skywalking.oap.server.starter.config.ApplicationConfigLoader - 82 [main] INFO  [] - Get a provider define belong to alarm module, provider name: default
2025-04-07 22:00:26,933 - org.apache.skywalking.oap.server.starter.config.ApplicationConfigLoader - 78 [main] INFO  [] - Get a module define from application.yml, module name: telemetry
2025-04-07 22:00:26,933 - org.apache.skywalking.oap.server.starter.config.ApplicationConfigLoader - 82 [main] INFO  [] - Get a provider define belong to telemetry module, provider name: none
2025-04-07 22:00:26,933 - org.apache.skywalking.oap.server.starter.config.ApplicationConfigLoader - 78 [main] INFO  [] - Get a module define from application.yml, module name: configuration
2025-04-07 22:00:26,933 - org.apache.skywalking.oap.server.starter.config.ApplicationConfigLoader - 82 [main] INFO  [] - Get a provider define belong to configuration module, provider name: none
2025-04-07 22:00:26,934 - org.apache.skywalking.oap.server.starter.config.ApplicationConfigLoader - 78 [main] INFO  [] - Get a module define from application.yml, module name: debugging-query
2025-04-07 22:00:26,934 - org.apache.skywalking.oap.server.starter.config.ApplicationConfigLoader - 82 [main] INFO  [] - Get a provider define belong to debugging-query module, provider name: default
2025-04-07 22:00:26,934 - org.apache.skywalking.oap.server.starter.config.ApplicationConfigLoader - 78 [main] INFO  [] - Get a module define from application.yml, module name: configuration-discovery
2025-04-07 22:00:26,934 - org.apache.skywalking.oap.server.starter.config.ApplicationConfigLoader - 82 [main] INFO  [] - Get a provider define belong to configuration-discovery module, provider name: default
2025-04-07 22:00:26,934 - org.apache.skywalking.oap.server.starter.config.ApplicationConfigLoader - 78 [main] INFO  [] - Get a module define from application.yml, module name: receiver-event
2025-04-07 22:00:26,935 - org.apache.skywalking.oap.server.starter.config.ApplicationConfigLoader - 82 [main] INFO  [] - Get a provider define belong to receiver-event module, provider name: default
2025-04-07 22:00:26,935 - org.apache.skywalking.oap.server.starter.config.ApplicationConfigLoader - 78 [main] INFO  [] - Get a module define from application.yml, module name: receiver-ebpf
2025-04-07 22:00:26,935 - org.apache.skywalking.oap.server.starter.config.ApplicationConfigLoader - 82 [main] INFO  [] - Get a provider define belong to receiver-ebpf module, provider name: default
2025-04-07 22:00:26,936 - org.apache.skywalking.oap.server.starter.config.ApplicationConfigLoader - 78 [main] INFO  [] - Get a module define from application.yml, module name: receiver-telegraf
2025-04-07 22:00:26,936 - org.apache.skywalking.oap.server.starter.config.ApplicationConfigLoader - 82 [main] INFO  [] - Get a provider define belong to receiver-telegraf module, provider name: default
2025-04-07 22:00:26,936 - org.apache.skywalking.oap.server.starter.config.ApplicationConfigLoader - 78 [main] INFO  [] - Get a module define from application.yml, module name: aws-firehose
2025-04-07 22:00:26,936 - org.apache.skywalking.oap.server.starter.config.ApplicationConfigLoader - 82 [main] INFO  [] - Get a provider define belong to aws-firehose module, provider name: default
2025-04-07 22:00:26,937 - org.apache.skywalking.oap.server.starter.config.ApplicationConfigLoader - 126 [main] INFO  [] - Provider=default config=firehoseAccessKey has been set as an empty string
2025-04-07 22:00:26,937 - org.apache.skywalking.oap.server.starter.config.ApplicationConfigLoader - 126 [main] INFO  [] - Provider=default config=tlsKeyPath has been set as an empty string
2025-04-07 22:00:26,937 - org.apache.skywalking.oap.server.starter.config.ApplicationConfigLoader - 126 [main] INFO  [] - Provider=default config=tlsCertChainPath has been set as an empty string
2025-04-07 22:00:26,937 - org.apache.skywalking.oap.server.starter.config.ApplicationConfigLoader - 78 [main] INFO  [] - Get a module define from application.yml, module name: ai-pipeline
2025-04-07 22:00:26,938 - org.apache.skywalking.oap.server.starter.config.ApplicationConfigLoader - 82 [main] INFO  [] - Get a provider define belong to ai-pipeline module, provider name: default
2025-04-07 22:00:26,938 - org.apache.skywalking.oap.server.starter.config.ApplicationConfigLoader - 126 [main] INFO  [] - Provider=default config=uriRecognitionServerAddr has been set as an empty string
2025-04-07 22:00:27,135 - org.apache.skywalking.oap.server.library.module.ModuleDefine - 94 [main] INFO  [] - Prepare the default provider in agent-analyzer module.
2025-04-07 22:00:27,143 - org.apache.skywalking.oap.server.analyzer.provider.trace.UninstrumentedGatewaysConfig - 56 [main] INFO  [] - Default configured gateways: null
2025-04-07 22:00:27,143 - org.apache.skywalking.oap.server.analyzer.provider.trace.UninstrumentedGatewaysConfig - 83 [main] INFO  [] - Updating uninstrumented gateways with: null
2025-04-07 22:00:27,147 - org.apache.skywalking.oap.server.analyzer.provider.trace.TraceSamplingPolicyWatcher - 133 [main] INFO  [] - [trace-sampling-policy] use trace-sample-policy in static file : SamplingPolicySettings(defaultPolicy=SamplingPolicy(rate=10000, duration=-1), services={})
2025-04-07 22:00:27,201 - org.apache.skywalking.oap.server.library.module.ModuleDefine - 94 [main] INFO  [] - Prepare the default provider in ai-pipeline module.
2025-04-07 22:00:27,206 - org.apache.skywalking.oap.server.library.module.ModuleDefine - 94 [main] INFO  [] - Prepare the default provider in aws-firehose module.
2025-04-07 22:00:27,280 - com.linecorp.armeria.common.Flags - 1717 [main] INFO  [] - verboseExceptions: rate-limit=10 (default)
2025-04-07 22:00:27,440 - com.linecorp.armeria.common.Flags - 1717 [main] INFO  [] - useEpoll: false (default)
2025-04-07 22:00:27,456 - com.linecorp.armeria.common.Flags - 1717 [main] INFO  [] - annotatedServiceExceptionVerbosity: unhandled (default)
2025-04-07 22:00:27,801 - com.linecorp.armeria.common.Flags - 630 [main] INFO  [] - Using Tls engine: OpenSSL BoringSSL, 0x1010107f
2025-04-07 22:00:28,252 - com.linecorp.armeria.server.docs.DocStringExtractor - 134 [main] INFO  [] - Using com.linecorp.armeria.grpc.descriptorDir: META-INF/armeria/grpc
2025-04-07 22:00:28,435 - org.apache.skywalking.oap.server.library.server.http.HTTPServer - 98 [main] INFO  [] - Server root context path: /
2025-04-07 22:00:28,436 - org.apache.skywalking.oap.server.library.module.ModuleDefine - 94 [main] INFO  [] - Prepare the none provider in configuration module.
2025-04-07 22:00:28,437 - org.apache.skywalking.oap.server.library.module.ModuleDefine - 94 [main] INFO  [] - Prepare the default provider in configuration-discovery module.
2025-04-07 22:00:28,440 - org.apache.skywalking.oap.server.library.module.ModuleDefine - 94 [main] INFO  [] - Prepare the default provider in debugging-query module.
2025-04-07 22:00:28,440 - org.apache.skywalking.oap.server.library.module.ModuleDefine - 94 [main] INFO  [] - Prepare the default provider in envoy-metric module.
2025-04-07 22:00:28,452 - org.apache.skywalking.oap.server.library.module.ModuleDefine - 94 [main] INFO  [] - Prepare the default provider in event-analyzer module.
2025-04-07 22:00:28,453 - org.apache.skywalking.oap.server.library.module.ModuleDefine - 94 [main] INFO  [] - Prepare the default provider in log-analyzer module.
2025-04-07 22:00:28,455 - org.apache.skywalking.oap.server.library.module.ModuleDefine - 94 [main] INFO  [] - Prepare the default provider in logql module.
2025-04-07 22:00:28,456 - org.apache.skywalking.oap.server.library.module.ModuleDefine - 94 [main] INFO  [] - Prepare the default provider in receiver-otel module.
2025-04-07 22:00:28,464 - org.apache.skywalking.oap.server.library.module.ModuleDefine - 94 [main] INFO  [] - Prepare the default provider in promql module.
2025-04-07 22:00:28,466 - org.apache.skywalking.oap.server.library.module.ModuleDefine - 94 [main] INFO  [] - Prepare the mysql provider in storage module.
2025-04-07 22:00:28,526 - org.apache.skywalking.oap.server.library.module.ModuleDefine - 94 [main] INFO  [] - Prepare the standalone provider in cluster module.
2025-04-07 22:00:28,527 - org.apache.skywalking.oap.server.library.module.ModuleDefine - 94 [main] INFO  [] - Prepare the default provider in core module.
2025-04-07 22:00:29,666 - org.apache.skywalking.oap.server.library.server.http.HTTPServer - 98 [main] INFO  [] - Server root context path: /
2025-04-07 22:00:30,292 - org.apache.skywalking.oap.server.library.module.ModuleDefine - 94 [main] INFO  [] - Prepare the graphql provider in query module.
2025-04-07 22:00:30,326 - org.apache.skywalking.oap.server.library.module.ModuleDefine - 94 [main] INFO  [] - Prepare the default provider in alarm module.
2025-04-07 22:00:30,329 - org.apache.skywalking.oap.server.core.alarm.provider.AlarmRulesWatcher - 134 [main] INFO  [] - Update alarm rules to Rules(rules=[], webhookSettingsMap={}, grpcAlarmSettingMap={}, slackSettingsMap={}, wechatSettingsMap={}, dingtalkSettingsMap={}, feishuSettingsMap={}, weLinkSettingsMap={}, pagerDutySettingsMap={}, discordSettingsMap={})
2025-04-07 22:00:30,330 - org.apache.skywalking.oap.server.library.module.ModuleDefine - 94 [main] INFO  [] - Prepare the default provider in receiver-browser module.
2025-04-07 22:00:30,331 - org.apache.skywalking.oap.server.library.module.ModuleDefine - 94 [main] INFO  [] - Prepare the default provider in receiver-clr module.
2025-04-07 22:00:30,332 - org.apache.skywalking.oap.server.library.module.ModuleDefine - 94 [main] INFO  [] - Prepare the default provider in receiver-ebpf module.
2025-04-07 22:00:30,333 - org.apache.skywalking.oap.server.library.module.ModuleDefine - 94 [main] INFO  [] - Prepare the default provider in receiver-event module.
2025-04-07 22:00:30,334 - org.apache.skywalking.oap.server.library.module.ModuleDefine - 94 [main] INFO  [] - Prepare the default provider in receiver-jvm module.
2025-04-07 22:00:30,334 - org.apache.skywalking.oap.server.library.module.ModuleDefine - 94 [main] INFO  [] - Prepare the default provider in receiver-log module.
2025-04-07 22:00:30,335 - org.apache.skywalking.oap.server.library.module.ModuleDefine - 94 [main] INFO  [] - Prepare the default provider in receiver-register module.
2025-04-07 22:00:30,335 - org.apache.skywalking.oap.server.library.module.ModuleDefine - 94 [main] INFO  [] - Prepare the default provider in service-mesh module.
2025-04-07 22:00:30,335 - org.apache.skywalking.oap.server.library.module.ModuleDefine - 94 [main] INFO  [] - Prepare the default provider in receiver-meter module.
2025-04-07 22:00:30,336 - org.apache.skywalking.oap.server.library.module.ModuleDefine - 94 [main] INFO  [] - Prepare the default provider in receiver-profile module.
2025-04-07 22:00:30,336 - org.apache.skywalking.oap.server.library.module.ModuleDefine - 94 [main] INFO  [] - Prepare the default provider in receiver-sharing-server module.
2025-04-07 22:00:30,338 - org.apache.skywalking.oap.server.library.module.ModuleDefine - 94 [main] INFO  [] - Prepare the default provider in receiver-telegraf module.
2025-04-07 22:00:30,349 - org.apache.skywalking.oap.server.library.module.ModuleDefine - 94 [main] INFO  [] - Prepare the default provider in receiver-trace module.
2025-04-07 22:00:30,349 - org.apache.skywalking.oap.server.library.module.ModuleDefine - 94 [main] INFO  [] - Prepare the none provider in telemetry module.
2025-04-07 22:00:30,351 - org.apache.skywalking.oap.server.library.module.BootstrapFlow - 43 [main] INFO  [] - start the provider standalone in cluster module.
2025-04-07 22:00:30,351 - org.apache.skywalking.oap.server.library.module.BootstrapFlow - 43 [main] INFO  [] - start the provider none in configuration module.
2025-04-07 22:00:30,351 - org.apache.skywalking.oap.server.library.module.BootstrapFlow - 43 [main] INFO  [] - start the provider default in ai-pipeline module.
2025-04-07 22:00:30,351 - org.apache.skywalking.oap.server.library.module.BootstrapFlow - 43 [main] INFO  [] - start the provider graphql in query module.
2025-04-07 22:00:31,260 - graphql.kickstart.tools.SchemaClassScanner - 183 [main] WARN  [] - Schema type was defined but can never be accessed, and can be safely deleted: ProfiledSegment
2025-04-07 22:00:31,495 - org.apache.skywalking.oap.server.library.server.http.HTTPServer - 107 [main] INFO  [] - Bind handler GraphQLQueryHandler into http server 0.0.0.0:12800
2025-04-07 22:00:31,497 - org.apache.skywalking.oap.server.library.module.BootstrapFlow - 43 [main] INFO  [] - start the provider none in telemetry module.
2025-04-07 22:00:31,497 - org.apache.skywalking.oap.server.library.module.BootstrapFlow - 43 [main] INFO  [] - start the provider default in core module.
2025-04-07 22:00:31,711 - org.apache.skywalking.oap.server.core.analysis.DispatcherManager - 117 [main] INFO  [] - Dispatcher org.apache.skywalking.oap.server.core.analysis.manual.cache.CacheSlowAccessDispatcher is added into DefaultScopeDefine 56.
2025-04-07 22:00:31,712 - org.apache.skywalking.oap.server.core.analysis.DispatcherManager - 117 [main] INFO  [] - Dispatcher org.apache.skywalking.oap.server.core.analysis.manual.database.DatabaseStatementDispatcher is added into DefaultScopeDefine 18.
2025-04-07 22:00:31,712 - org.apache.skywalking.oap.server.core.analysis.DispatcherManager - 117 [main] INFO  [] - Dispatcher org.apache.skywalking.oap.server.core.analysis.manual.endpoint.EndpointMetaDispatcher is added into DefaultScopeDefine 42.
2025-04-07 22:00:31,713 - org.apache.skywalking.oap.server.core.analysis.DispatcherManager - 117 [main] INFO  [] - Dispatcher org.apache.skywalking.oap.server.core.analysis.manual.endpoint.EndpointTrafficDispatcher is added into DefaultScopeDefine 3.
2025-04-07 22:00:31,713 - org.apache.skywalking.oap.server.core.analysis.DispatcherManager - 117 [main] INFO  [] - Dispatcher org.apache.skywalking.oap.server.core.analysis.manual.endpoint.HubbleEndpointDispatcher is added into DefaultScopeDefine 82.
2025-04-07 22:00:31,714 - org.apache.skywalking.oap.server.core.analysis.DispatcherManager - 117 [main] INFO  [] - Dispatcher org.apache.skywalking.oap.server.core.analysis.manual.endpoint.K8SEndpointTrafficDispatcher is added into DefaultScopeDefine 76.
2025-04-07 22:00:31,714 - org.apache.skywalking.oap.server.core.analysis.DispatcherManager - 117 [main] INFO  [] - Dispatcher org.apache.skywalking.oap.server.core.analysis.manual.instance.HubbleInstanceTrafficDispatcher is added into DefaultScopeDefine 79.
2025-04-07 22:00:31,715 - org.apache.skywalking.oap.server.core.analysis.DispatcherManager - 117 [main] INFO  [] - Dispatcher org.apache.skywalking.oap.server.core.analysis.manual.instance.InstanceTrafficDispatcher is added into DefaultScopeDefine 2.
2025-04-07 22:00:31,715 - org.apache.skywalking.oap.server.core.analysis.DispatcherManager - 117 [main] INFO  [] - Dispatcher org.apache.skywalking.oap.server.core.analysis.manual.instance.InstanceUpdateDispatcher is added into DefaultScopeDefine 30.
2025-04-07 22:00:31,715 - org.apache.skywalking.oap.server.core.analysis.DispatcherManager - 117 [main] INFO  [] - Dispatcher org.apache.skywalking.oap.server.core.analysis.manual.instance.K8SInstanceTrafficDispatcher is added into DefaultScopeDefine 73.
2025-04-07 22:00:31,715 - org.apache.skywalking.oap.server.core.analysis.DispatcherManager - 117 [main] INFO  [] - Dispatcher org.apache.skywalking.oap.server.core.analysis.manual.instance.TCPInstanceTrafficDispatcher is added into DefaultScopeDefine 58.
2025-04-07 22:00:31,715 - org.apache.skywalking.oap.server.core.analysis.DispatcherManager - 117 [main] INFO  [] - Dispatcher org.apache.skywalking.oap.server.core.analysis.manual.instance.TCPInstanceUpdateDispatcher is added into DefaultScopeDefine 61.
2025-04-07 22:00:31,715 - org.apache.skywalking.oap.server.core.analysis.DispatcherManager - 117 [main] INFO  [] - Dispatcher org.apache.skywalking.oap.server.core.analysis.manual.log.LogRecordDispatcher is added into DefaultScopeDefine 41.
2025-04-07 22:00:31,716 - org.apache.skywalking.oap.server.core.analysis.DispatcherManager - 117 [main] INFO  [] - Dispatcher org.apache.skywalking.oap.server.core.analysis.manual.networkalias.NetworkAddressAliasSetupDispatcher is added into DefaultScopeDefine 31.
2025-04-07 22:00:31,716 - org.apache.skywalking.oap.server.core.analysis.DispatcherManager - 117 [main] INFO  [] - Dispatcher org.apache.skywalking.oap.server.core.analysis.manual.process.ProcessDispatcher is added into DefaultScopeDefine 45.
2025-04-07 22:00:31,716 - org.apache.skywalking.oap.server.core.analysis.DispatcherManager - 117 [main] INFO  [] - Dispatcher org.apache.skywalking.oap.server.core.analysis.manual.process.ProcessLabelDispatcher is added into DefaultScopeDefine 49.
2025-04-07 22:00:31,716 - org.apache.skywalking.oap.server.core.analysis.DispatcherManager - 117 [main] INFO  [] - Dispatcher org.apache.skywalking.oap.server.core.analysis.manual.relation.endpoint.EndpointCallRelationDispatcher is added into DefaultScopeDefine 6.
2025-04-07 22:00:31,717 - org.apache.skywalking.oap.server.core.analysis.DispatcherManager - 117 [main] INFO  [] - Dispatcher org.apache.skywalking.oap.server.core.analysis.manual.relation.endpoint.HubbleEndpointCallRelationDispatcher is added into DefaultScopeDefine 83.
2025-04-07 22:00:31,717 - org.apache.skywalking.oap.server.core.analysis.DispatcherManager - 117 [main] INFO  [] - Dispatcher org.apache.skywalking.oap.server.core.analysis.manual.relation.instance.HubbleServiceInstanceCallRelationDispatcher is added into DefaultScopeDefine 81.
2025-04-07 22:00:31,717 - org.apache.skywalking.oap.server.core.analysis.DispatcherManager - 117 [main] INFO  [] - Dispatcher org.apache.skywalking.oap.server.core.analysis.manual.relation.instance.K8SServiceInstanceCallRelationDispatcher is added into DefaultScopeDefine 75.
2025-04-07 22:00:31,717 - org.apache.skywalking.oap.server.core.analysis.DispatcherManager - 117 [main] INFO  [] - Dispatcher org.apache.skywalking.oap.server.core.analysis.manual.relation.instance.ServiceInstanceCallRelationDispatcher is added into DefaultScopeDefine 5.
2025-04-07 22:00:31,717 - org.apache.skywalking.oap.server.core.analysis.DispatcherManager - 117 [main] INFO  [] - Dispatcher org.apache.skywalking.oap.server.core.analysis.manual.relation.instance.TCPServiceInstanceCallRelationDispatcher is added into DefaultScopeDefine 60.
2025-04-07 22:00:31,717 - org.apache.skywalking.oap.server.core.analysis.DispatcherManager - 117 [main] INFO  [] - Dispatcher org.apache.skywalking.oap.server.core.analysis.manual.relation.process.ProcessRelationDispatcher is added into DefaultScopeDefine 54.
2025-04-07 22:00:31,718 - org.apache.skywalking.oap.server.core.analysis.DispatcherManager - 117 [main] INFO  [] - Dispatcher org.apache.skywalking.oap.server.core.analysis.manual.relation.service.HubbleServiceCallRelationDispatcher is added into DefaultScopeDefine 80.
2025-04-07 22:00:31,718 - org.apache.skywalking.oap.server.core.analysis.DispatcherManager - 117 [main] INFO  [] - Dispatcher org.apache.skywalking.oap.server.core.analysis.manual.relation.service.K8SServiceCallRelationDispatcher is added into DefaultScopeDefine 74.
2025-04-07 22:00:31,718 - org.apache.skywalking.oap.server.core.analysis.DispatcherManager - 117 [main] INFO  [] - Dispatcher org.apache.skywalking.oap.server.core.analysis.manual.relation.service.ServiceCallRelationDispatcher is added into DefaultScopeDefine 4.
2025-04-07 22:00:31,718 - org.apache.skywalking.oap.server.core.analysis.DispatcherManager - 117 [main] INFO  [] - Dispatcher org.apache.skywalking.oap.server.core.analysis.manual.relation.service.TCPServiceCallRelationDispatcher is added into DefaultScopeDefine 59.
2025-04-07 22:00:31,718 - org.apache.skywalking.oap.server.core.analysis.DispatcherManager - 117 [main] INFO  [] - Dispatcher org.apache.skywalking.oap.server.core.analysis.manual.searchtag.TagAutocompleteDispatcher is added into DefaultScopeDefine 50.
2025-04-07 22:00:31,718 - org.apache.skywalking.oap.server.core.analysis.DispatcherManager - 117 [main] INFO  [] - Dispatcher org.apache.skywalking.oap.server.core.analysis.manual.segment.SegmentDispatcher is added into DefaultScopeDefine 12.
2025-04-07 22:00:31,719 - org.apache.skywalking.oap.server.core.analysis.DispatcherManager - 117 [main] INFO  [] - Dispatcher org.apache.skywalking.oap.server.core.analysis.manual.service.HubbleServiceTrafficDispatcher is added into DefaultScopeDefine 78.
2025-04-07 22:00:31,719 - org.apache.skywalking.oap.server.core.analysis.DispatcherManager - 117 [main] INFO  [] - Dispatcher org.apache.skywalking.oap.server.core.analysis.manual.service.K8SServiceTrafficDispatcher is added into DefaultScopeDefine 72.
2025-04-07 22:00:31,719 - org.apache.skywalking.oap.server.core.analysis.DispatcherManager - 117 [main] INFO  [] - Dispatcher org.apache.skywalking.oap.server.core.analysis.manual.service.ServiceMetaDispatcher is added into DefaultScopeDefine 29.
2025-04-07 22:00:31,719 - org.apache.skywalking.oap.server.core.analysis.DispatcherManager - 117 [main] INFO  [] - Dispatcher org.apache.skywalking.oap.server.core.analysis.manual.service.ServiceTrafficDispatcher is added into DefaultScopeDefine 1.
2025-04-07 22:00:31,719 - org.apache.skywalking.oap.server.core.analysis.DispatcherManager - 117 [main] INFO  [] - Dispatcher org.apache.skywalking.oap.server.core.analysis.manual.service.TCPServiceTrafficDispatcher is added into DefaultScopeDefine 57.
2025-04-07 22:00:31,721 - org.apache.skywalking.oap.server.core.analysis.DispatcherManager - 117 [main] INFO  [] - Dispatcher org.apache.skywalking.oap.server.core.browser.manual.endpoint.BrowserAppPageTrafficDispatcher is added into DefaultScopeDefine 40.
2025-04-07 22:00:31,721 - org.apache.skywalking.oap.server.core.analysis.DispatcherManager - 117 [main] INFO  [] - Dispatcher org.apache.skywalking.oap.server.core.browser.manual.errorlog.BrowserErrorLogRecordDispatcher is added into DefaultScopeDefine 34.
2025-04-07 22:00:31,721 - org.apache.skywalking.oap.server.core.analysis.DispatcherManager - 117 [main] INFO  [] - Dispatcher org.apache.skywalking.oap.server.core.browser.manual.instance.BrowserAppSingleVersionTrafficDispatcher is added into DefaultScopeDefine 39.
2025-04-07 22:00:31,721 - org.apache.skywalking.oap.server.core.analysis.DispatcherManager - 117 [main] INFO  [] - Dispatcher org.apache.skywalking.oap.server.core.browser.manual.service.BrowserAppTrafficDispatcher is added into DefaultScopeDefine 38.
2025-04-07 22:00:31,721 - org.apache.skywalking.oap.server.core.analysis.DispatcherManager - 117 [main] INFO  [] - Dispatcher org.apache.skywalking.oap.server.core.hierarchy.instance.InstanceHierarchyTrafficRelationDispatcher is added into DefaultScopeDefine 71.
2025-04-07 22:00:31,721 - org.apache.skywalking.oap.server.core.analysis.DispatcherManager - 117 [main] INFO  [] - Dispatcher org.apache.skywalking.oap.server.core.hierarchy.service.ServiceHierarchyTrafficRelationDispatcher is added into DefaultScopeDefine 70.
2025-04-07 22:00:31,721 - org.apache.skywalking.oap.server.core.analysis.DispatcherManager - 117 [main] INFO  [] - Dispatcher org.apache.skywalking.oap.server.core.profiling.ebpf.storage.EBPFProcessProfilingDataDispatcher is added into DefaultScopeDefine 48.
2025-04-07 22:00:31,722 - org.apache.skywalking.oap.server.core.analysis.DispatcherManager - 117 [main] INFO  [] - Dispatcher org.apache.skywalking.oap.server.core.profiling.ebpf.storage.EBPFProcessProfilingScheduleDispatcher is added into DefaultScopeDefine 47.
2025-04-07 22:00:31,723 - org.apache.skywalking.oap.server.core.analysis.DispatcherManager - 117 [main] INFO  [] - Dispatcher org.apache.skywalking.oap.server.core.zipkin.dispatcher.ZipkinServiceDispatcher is added into DefaultScopeDefine 51.
2025-04-07 22:00:31,723 - org.apache.skywalking.oap.server.core.analysis.DispatcherManager - 117 [main] INFO  [] - Dispatcher org.apache.skywalking.oap.server.core.zipkin.dispatcher.ZipkinServiceRelationDispatcher is added into DefaultScopeDefine 53.
2025-04-07 22:00:31,723 - org.apache.skywalking.oap.server.core.analysis.DispatcherManager - 117 [main] INFO  [] - Dispatcher org.apache.skywalking.oap.server.core.zipkin.dispatcher.ZipkinServiceSpanDispatcher is added into DefaultScopeDefine 52.
2025-04-07 22:00:31,723 - org.apache.skywalking.oap.server.core.analysis.DispatcherManager - 117 [main] INFO  [] - Dispatcher org.apache.skywalking.oap.server.core.zipkin.dispatcher.ZipkinSpanRecordDispatcher is added into DefaultScopeDefine 23.
2025-04-07 22:00:31,867 - org.apache.skywalking.oap.server.library.module.BootstrapFlow - 43 [main] INFO  [] - start the provider default in agent-analyzer module.
2025-04-07 22:00:32,644 - org.apache.skywalking.oap.server.core.analysis.DispatcherManager - 117 [main] INFO  [] - Dispatcher org.apache.skywalking.oap.server.core.source.oal.rt.dispatcher.MQEndpointAccessDispatcher is added into DefaultScopeDefine 64.
2025-04-07 22:00:32,644 - org.apache.skywalking.oap.server.core.analysis.DispatcherManager - 117 [main] INFO  [] - Dispatcher org.apache.skywalking.oap.server.core.source.oal.rt.dispatcher.EndpointRelationDispatcher is added into DefaultScopeDefine 6.
2025-04-07 22:00:32,645 - org.apache.skywalking.oap.server.core.analysis.DispatcherManager - 117 [main] INFO  [] - Dispatcher org.apache.skywalking.oap.server.core.source.oal.rt.dispatcher.ServiceRelationDispatcher is added into DefaultScopeDefine 4.
2025-04-07 22:00:32,645 - org.apache.skywalking.oap.server.core.analysis.DispatcherManager - 117 [main] INFO  [] - Dispatcher org.apache.skywalking.oap.server.core.source.oal.rt.dispatcher.EndpointDispatcher is added into DefaultScopeDefine 3.
2025-04-07 22:00:32,645 - org.apache.skywalking.oap.server.core.analysis.DispatcherManager - 117 [main] INFO  [] - Dispatcher org.apache.skywalking.oap.server.core.source.oal.rt.dispatcher.DatabaseAccessDispatcher is added into DefaultScopeDefine 17.
2025-04-07 22:00:32,645 - org.apache.skywalking.oap.server.core.analysis.DispatcherManager - 117 [main] INFO  [] - Dispatcher org.apache.skywalking.oap.server.core.source.oal.rt.dispatcher.MQAccessDispatcher is added into DefaultScopeDefine 63.
2025-04-07 22:00:32,645 - org.apache.skywalking.oap.server.core.analysis.DispatcherManager - 117 [main] INFO  [] - Dispatcher org.apache.skywalking.oap.server.core.source.oal.rt.dispatcher.CacheAccessDispatcher is added into DefaultScopeDefine 55.
2025-04-07 22:00:32,645 - org.apache.skywalking.oap.server.core.analysis.DispatcherManager - 117 [main] INFO  [] - Dispatcher org.apache.skywalking.oap.server.core.source.oal.rt.dispatcher.ServiceInstanceDispatcher is added into DefaultScopeDefine 2.
2025-04-07 22:00:32,645 - org.apache.skywalking.oap.server.core.analysis.DispatcherManager - 117 [main] INFO  [] - Dispatcher org.apache.skywalking.oap.server.core.source.oal.rt.dispatcher.ServiceDispatcher is added into DefaultScopeDefine 1.
2025-04-07 22:00:32,645 - org.apache.skywalking.oap.server.core.analysis.DispatcherManager - 117 [main] INFO  [] - Dispatcher org.apache.skywalking.oap.server.core.source.oal.rt.dispatcher.ServiceInstanceRelationDispatcher is added into DefaultScopeDefine 5.
2025-04-07 22:00:32,899 - org.apache.skywalking.oap.server.starter.OAPServerBootstrap - 64 [main] ERROR [] - BUG! exception in phase 'semantic analysis' in source unit 'Script1.groovy' Unsupported class file major version 68
org.codehaus.groovy.GroovyBugError: BUG! exception in phase 'semantic analysis' in source unit 'Script1.groovy' Unsupported class file major version 68
	at org.codehaus.groovy.control.CompilationUnit$ISourceUnitOperation.doPhaseOperation(CompilationUnit.java:901) ~[groovy-4.0.15.jar:4.0.15]
	at org.codehaus.groovy.control.CompilationUnit.processPhaseOperations(CompilationUnit.java:692) ~[groovy-4.0.15.jar:4.0.15]
	at org.codehaus.groovy.control.CompilationUnit.compile(CompilationUnit.java:666) ~[groovy-4.0.15.jar:4.0.15]
	at groovy.lang.GroovyClassLoader.doParseClass(GroovyClassLoader.java:373) ~[groovy-4.0.15.jar:4.0.15]
	at groovy.lang.GroovyClassLoader.lambda$parseClass$2(GroovyClassLoader.java:316) ~[groovy-4.0.15.jar:4.0.15]
	at org.codehaus.groovy.runtime.memoize.StampedCommonCache.compute(StampedCommonCache.java:163) ~[groovy-4.0.15.jar:4.0.15]
	at org.codehaus.groovy.runtime.memoize.StampedCommonCache.getAndPut(StampedCommonCache.java:154) ~[groovy-4.0.15.jar:4.0.15]
	at groovy.lang.GroovyClassLoader.parseClass(GroovyClassLoader.java:314) ~[groovy-4.0.15.jar:4.0.15]
	at groovy.lang.GroovyShell.parseClass(GroovyShell.java:572) ~[groovy-4.0.15.jar:4.0.15]
	at groovy.lang.GroovyShell.parse(GroovyShell.java:585) ~[groovy-4.0.15.jar:4.0.15]
	at groovy.lang.GroovyShell.parse(GroovyShell.java:639) ~[groovy-4.0.15.jar:4.0.15]
	at groovy.lang.GroovyShell.parse(GroovyShell.java:625) ~[groovy-4.0.15.jar:4.0.15]
	at groovy.lang.GroovyShell.parse(GroovyShell.java:634) ~[groovy-4.0.15.jar:4.0.15]
	at org.apache.skywalking.oap.meter.analyzer.dsl.DSL.parse(DSL.java:85) ~[meter-analyzer-10.1.0.jar:10.1.0]
	at org.apache.skywalking.oap.meter.analyzer.Analyzer.build(Analyzer.java:87) ~[meter-analyzer-10.1.0.jar:10.1.0]
	at org.apache.skywalking.oap.meter.analyzer.MetricConvert.buildAnalyzer(MetricConvert.java:74) ~[meter-analyzer-10.1.0.jar:10.1.0]
	at org.apache.skywalking.oap.meter.analyzer.MetricConvert.lambda$new$2(MetricConvert.java:61) ~[meter-analyzer-10.1.0.jar:10.1.0]
	at java.util.stream.ReferencePipeline$3$1.accept(ReferencePipeline.java:215) ~[?:?]
	at java.util.ArrayList$ArrayListSpliterator.forEachRemaining(ArrayList.java:1716) ~[?:?]
	at java.util.stream.AbstractPipeline.copyInto(AbstractPipeline.java:570) ~[?:?]
	at java.util.stream.AbstractPipeline.wrapAndCopyInto(AbstractPipeline.java:560) ~[?:?]
	at java.util.stream.ReduceOps$ReduceOp.evaluateSequential(ReduceOps.java:921) ~[?:?]
	at java.util.stream.AbstractPipeline.evaluate(AbstractPipeline.java:265) ~[?:?]
	at java.util.stream.ReferencePipeline.collect(ReferencePipeline.java:727) ~[?:?]
	at org.apache.skywalking.oap.meter.analyzer.MetricConvert.<init>(MetricConvert.java:67) ~[meter-analyzer-10.1.0.jar:10.1.0]
	at org.apache.skywalking.oap.server.analyzer.provider.meter.process.MeterProcessService.lambda$start$0(MeterProcessService.java:44) ~[agent-analyzer-10.1.0.jar:10.1.0]
	at java.util.stream.ReferencePipeline$3$1.accept(ReferencePipeline.java:215) ~[?:?]
	at java.util.ArrayList$ArrayListSpliterator.forEachRemaining(ArrayList.java:1716) ~[?:?]
	at java.util.stream.AbstractPipeline.copyInto(AbstractPipeline.java:570) ~[?:?]
	at java.util.stream.AbstractPipeline.wrapAndCopyInto(AbstractPipeline.java:560) ~[?:?]
	at java.util.stream.ReduceOps$ReduceOp.evaluateSequential(ReduceOps.java:921) ~[?:?]
	at java.util.stream.AbstractPipeline.evaluate(AbstractPipeline.java:265) ~[?:?]
	at java.util.stream.ReferencePipeline.collect(ReferencePipeline.java:727) ~[?:?]
	at org.apache.skywalking.oap.server.analyzer.provider.meter.process.MeterProcessService.start(MeterProcessService.java:44) ~[agent-analyzer-10.1.0.jar:10.1.0]
	at org.apache.skywalking.oap.server.analyzer.provider.AnalyzerModuleProvider.start(AnalyzerModuleProvider.java:138) ~[agent-analyzer-10.1.0.jar:10.1.0]
	at org.apache.skywalking.oap.server.library.module.BootstrapFlow.start(BootstrapFlow.java:46) ~[library-module-10.1.0.jar:10.1.0]
	at org.apache.skywalking.oap.server.library.module.ModuleManager.init(ModuleManager.java:75) ~[library-module-10.1.0.jar:10.1.0]
	at org.apache.skywalking.oap.server.starter.OAPServerBootstrap.start(OAPServerBootstrap.java:52) [server-starter-10.1.0.jar:10.1.0]
	at org.apache.skywalking.oap.server.starter.OAPServerStartUp.main(OAPServerStartUp.java:23) [server-starter-10.1.0.jar:10.1.0]
Caused by: java.lang.IllegalArgumentException: Unsupported class file major version 68
	at groovyjarjarasm.asm.ClassReader.<init>(ClassReader.java:199) ~[groovy-4.0.15.jar:4.0.15]
	at groovyjarjarasm.asm.ClassReader.<init>(ClassReader.java:180) ~[groovy-4.0.15.jar:4.0.15]
	at groovyjarjarasm.asm.ClassReader.<init>(ClassReader.java:166) ~[groovy-4.0.15.jar:4.0.15]
	at groovyjarjarasm.asm.ClassReader.<init>(ClassReader.java:287) ~[groovy-4.0.15.jar:4.0.15]
	at org.codehaus.groovy.ast.decompiled.AsmDecompiler.parseClass(AsmDecompiler.java:83) ~[groovy-4.0.15.jar:4.0.15]
	at org.codehaus.groovy.control.ClassNodeResolver.findDecompiled(ClassNodeResolver.java:255) ~[groovy-4.0.15.jar:4.0.15]
	at org.codehaus.groovy.control.ClassNodeResolver.tryAsLoaderClassOrScript(ClassNodeResolver.java:193) ~[groovy-4.0.15.jar:4.0.15]
	at org.codehaus.groovy.control.ClassNodeResolver.findClassNode(ClassNodeResolver.java:175) ~[groovy-4.0.15.jar:4.0.15]
	at org.codehaus.groovy.control.ClassNodeResolver.resolveName(ClassNodeResolver.java:129) ~[groovy-4.0.15.jar:4.0.15]
	at org.codehaus.groovy.ast.decompiled.AsmReferenceResolver.resolveClassNullable(AsmReferenceResolver.java:57) ~[groovy-4.0.15.jar:4.0.15]
	at org.codehaus.groovy.ast.decompiled.AsmReferenceResolver.resolveClass(AsmReferenceResolver.java:44) ~[groovy-4.0.15.jar:4.0.15]
	at org.codehaus.groovy.ast.decompiled.TypeSignatureParser.visitEnd(TypeSignatureParser.java:113) ~[groovy-4.0.15.jar:4.0.15]
	at groovyjarjarasm.asm.signature.SignatureReader.parseType(SignatureReader.java:206) ~[groovy-4.0.15.jar:4.0.15]
	at groovyjarjarasm.asm.signature.SignatureReader.accept(SignatureReader.java:122) ~[groovy-4.0.15.jar:4.0.15]
	at org.codehaus.groovy.ast.decompiled.ClassSignatureParser.parseClassSignature(ClassSignatureParser.java:111) ~[groovy-4.0.15.jar:4.0.15]
	at org.codehaus.groovy.ast.decompiled.ClassSignatureParser.configureClass(ClassSignatureParser.java:35) ~[groovy-4.0.15.jar:4.0.15]
	at org.codehaus.groovy.ast.decompiled.DecompiledClassNode.lazyInitSupers(DecompiledClassNode.java:189) ~[groovy-4.0.15.jar:4.0.15]
	at org.codehaus.groovy.ast.decompiled.DecompiledClassNode.getUnresolvedSuperClass(DecompiledClassNode.java:172) ~[groovy-4.0.15.jar:4.0.15]
	at org.codehaus.groovy.ast.ClassNode.getUnresolvedSuperClass(ClassNode.java:1043) ~[groovy-4.0.15.jar:4.0.15]
	at org.codehaus.groovy.ast.ClassNode.getSuperClass(ClassNode.java:1037) ~[groovy-4.0.15.jar:4.0.15]
	at org.codehaus.groovy.control.ResolveVisitor.transformPropertyExpression(ResolveVisitor.java:932) ~[groovy-4.0.15.jar:4.0.15]
	at org.codehaus.groovy.control.ResolveVisitor.transform(ResolveVisitor.java:793) ~[groovy-4.0.15.jar:4.0.15]
	at org.codehaus.groovy.ast.expr.Expression.transformExpressions(Expression.java:49) ~[groovy-4.0.15.jar:4.0.15]
	at org.codehaus.groovy.ast.expr.ArgumentListExpression.transformExpression(ArgumentListExpression.java:67) ~[groovy-4.0.15.jar:4.0.15]
	at org.codehaus.groovy.control.ResolveVisitor.transform(ResolveVisitor.java:808) ~[groovy-4.0.15.jar:4.0.15]
	at org.codehaus.groovy.control.ResolveVisitor.transformMethodCallExpression(ResolveVisitor.java:1139) ~[groovy-4.0.15.jar:4.0.15]
	at org.codehaus.groovy.control.ResolveVisitor.transform(ResolveVisitor.java:799) ~[groovy-4.0.15.jar:4.0.15]
	at org.codehaus.groovy.ast.ClassCodeExpressionTransformer.visitExpressionStatement(ClassCodeExpressionTransformer.java:129) ~[groovy-4.0.15.jar:4.0.15]
	at org.codehaus.groovy.ast.stmt.ExpressionStatement.visit(ExpressionStatement.java:41) ~[groovy-4.0.15.jar:4.0.15]
	at org.codehaus.groovy.ast.CodeVisitorSupport.visitBlockStatement(CodeVisitorSupport.java:86) ~[groovy-4.0.15.jar:4.0.15]
	at org.codehaus.groovy.ast.ClassCodeVisitorSupport.visitBlockStatement(ClassCodeVisitorSupport.java:168) ~[groovy-4.0.15.jar:4.0.15]
	at org.codehaus.groovy.control.ResolveVisitor.visitBlockStatement(ResolveVisitor.java:1388) ~[groovy-4.0.15.jar:4.0.15]
	at org.codehaus.groovy.ast.stmt.BlockStatement.visit(BlockStatement.java:72) ~[groovy-4.0.15.jar:4.0.15]
	at org.codehaus.groovy.ast.ClassCodeVisitorSupport.visitClassCodeContainer(ClassCodeVisitorSupport.java:142) ~[groovy-4.0.15.jar:4.0.15]
	at org.codehaus.groovy.ast.ClassCodeVisitorSupport.visitConstructorOrMethod(ClassCodeVisitorSupport.java:115) ~[groovy-4.0.15.jar:4.0.15]
	at org.codehaus.groovy.ast.ClassCodeExpressionTransformer.visitConstructorOrMethod(ClassCodeExpressionTransformer.java:87) ~[groovy-4.0.15.jar:4.0.15]
	at org.codehaus.groovy.control.ResolveVisitor.visitConstructorOrMethod(ResolveVisitor.java:297) ~[groovy-4.0.15.jar:4.0.15]
	at org.codehaus.groovy.ast.ClassCodeVisitorSupport.visitMethod(ClassCodeVisitorSupport.java:110) ~[groovy-4.0.15.jar:4.0.15]
	at org.codehaus.groovy.control.ResolveVisitor.visitMethod(ResolveVisitor.java:268) ~[groovy-4.0.15.jar:4.0.15]
	at org.codehaus.groovy.ast.ClassNode.visitMethods(ClassNode.java:1129) ~[groovy-4.0.15.jar:4.0.15]
	at org.codehaus.groovy.ast.ClassNode.visitContents(ClassNode.java:1122) ~[groovy-4.0.15.jar:4.0.15]
	at org.codehaus.groovy.ast.ClassCodeVisitorSupport.visitClass(ClassCodeVisitorSupport.java:52) ~[groovy-4.0.15.jar:4.0.15]
	at org.codehaus.groovy.control.ResolveVisitor.visitClass(ResolveVisitor.java:1334) ~[groovy-4.0.15.jar:4.0.15]
	at org.codehaus.groovy.control.ResolveVisitor.startResolving(ResolveVisitor.java:258) ~[groovy-4.0.15.jar:4.0.15]
	at org.codehaus.groovy.control.CompilationUnit.lambda$addPhaseOperations$4(CompilationUnit.java:218) ~[groovy-4.0.15.jar:4.0.15]
	at org.codehaus.groovy.control.CompilationUnit$ISourceUnitOperation.doPhaseOperation(CompilationUnit.java:897) ~[groovy-4.0.15.jar:4.0.15]
	... 38 more
2025-04-07 22:02:26,558 - org.apache.skywalking.oap.server.starter.config.ApplicationConfigLoader - 185 [main] INFO  [] - Remove module receiver-zabbix without any provider
2025-04-07 22:02:26,561 - org.apache.skywalking.oap.server.starter.config.ApplicationConfigLoader - 185 [main] INFO  [] - Remove module kafka-fetcher without any provider
2025-04-07 22:02:26,561 - org.apache.skywalking.oap.server.starter.config.ApplicationConfigLoader - 185 [main] INFO  [] - Remove module cilium-fetcher without any provider
2025-04-07 22:02:26,562 - org.apache.skywalking.oap.server.starter.config.ApplicationConfigLoader - 185 [main] INFO  [] - Remove module receiver-zipkin without any provider
2025-04-07 22:02:26,562 - org.apache.skywalking.oap.server.starter.config.ApplicationConfigLoader - 185 [main] INFO  [] - Remove module query-zipkin without any provider
2025-04-07 22:02:26,563 - org.apache.skywalking.oap.server.starter.config.ApplicationConfigLoader - 185 [main] INFO  [] - Remove module exporter without any provider
2025-04-07 22:02:26,563 - org.apache.skywalking.oap.server.starter.config.ApplicationConfigLoader - 185 [main] INFO  [] - Remove module health-checker without any provider
2025-04-07 22:02:26,564 - org.apache.skywalking.oap.server.starter.config.ApplicationConfigLoader - 78 [main] INFO  [] - Get a module define from application.yml, module name: cluster
2025-04-07 22:02:26,565 - org.apache.skywalking.oap.server.starter.config.ApplicationConfigLoader - 82 [main] INFO  [] - Get a provider define belong to cluster module, provider name: standalone
2025-04-07 22:02:26,566 - org.apache.skywalking.oap.server.starter.config.ApplicationConfigLoader - 78 [main] INFO  [] - Get a module define from application.yml, module name: core
2025-04-07 22:02:26,566 - org.apache.skywalking.oap.server.starter.config.ApplicationConfigLoader - 82 [main] INFO  [] - Get a provider define belong to core module, provider name: default
2025-04-07 22:02:26,572 - org.apache.skywalking.oap.server.starter.config.ApplicationConfigLoader - 78 [main] INFO  [] - Get a module define from application.yml, module name: storage
2025-04-07 22:02:26,572 - org.apache.skywalking.oap.server.starter.config.ApplicationConfigLoader - 82 [main] INFO  [] - Get a provider define belong to storage module, provider name: mysql
2025-04-07 22:02:26,575 - org.apache.skywalking.oap.server.starter.config.ApplicationConfigLoader - 78 [main] INFO  [] - Get a module define from application.yml, module name: agent-analyzer
2025-04-07 22:02:26,575 - org.apache.skywalking.oap.server.starter.config.ApplicationConfigLoader - 82 [main] INFO  [] - Get a provider define belong to agent-analyzer module, provider name: default
2025-04-07 22:02:26,576 - org.apache.skywalking.oap.server.starter.config.ApplicationConfigLoader - 78 [main] INFO  [] - Get a module define from application.yml, module name: log-analyzer
2025-04-07 22:02:26,577 - org.apache.skywalking.oap.server.starter.config.ApplicationConfigLoader - 82 [main] INFO  [] - Get a provider define belong to log-analyzer module, provider name: default
2025-04-07 22:02:26,577 - org.apache.skywalking.oap.server.starter.config.ApplicationConfigLoader - 78 [main] INFO  [] - Get a module define from application.yml, module name: event-analyzer
2025-04-07 22:02:26,577 - org.apache.skywalking.oap.server.starter.config.ApplicationConfigLoader - 82 [main] INFO  [] - Get a provider define belong to event-analyzer module, provider name: default
2025-04-07 22:02:26,577 - org.apache.skywalking.oap.server.starter.config.ApplicationConfigLoader - 78 [main] INFO  [] - Get a module define from application.yml, module name: receiver-sharing-server
2025-04-07 22:02:26,578 - org.apache.skywalking.oap.server.starter.config.ApplicationConfigLoader - 82 [main] INFO  [] - Get a provider define belong to receiver-sharing-server module, provider name: default
2025-04-07 22:02:26,580 - org.apache.skywalking.oap.server.starter.config.ApplicationConfigLoader - 78 [main] INFO  [] - Get a module define from application.yml, module name: receiver-register
2025-04-07 22:02:26,580 - org.apache.skywalking.oap.server.starter.config.ApplicationConfigLoader - 82 [main] INFO  [] - Get a provider define belong to receiver-register module, provider name: default
2025-04-07 22:02:26,580 - org.apache.skywalking.oap.server.starter.config.ApplicationConfigLoader - 78 [main] INFO  [] - Get a module define from application.yml, module name: receiver-trace
2025-04-07 22:02:26,580 - org.apache.skywalking.oap.server.starter.config.ApplicationConfigLoader - 82 [main] INFO  [] - Get a provider define belong to receiver-trace module, provider name: default
2025-04-07 22:02:26,580 - org.apache.skywalking.oap.server.starter.config.ApplicationConfigLoader - 78 [main] INFO  [] - Get a module define from application.yml, module name: receiver-jvm
2025-04-07 22:02:26,580 - org.apache.skywalking.oap.server.starter.config.ApplicationConfigLoader - 82 [main] INFO  [] - Get a provider define belong to receiver-jvm module, provider name: default
2025-04-07 22:02:26,580 - org.apache.skywalking.oap.server.starter.config.ApplicationConfigLoader - 78 [main] INFO  [] - Get a module define from application.yml, module name: receiver-clr
2025-04-07 22:02:26,581 - org.apache.skywalking.oap.server.starter.config.ApplicationConfigLoader - 82 [main] INFO  [] - Get a provider define belong to receiver-clr module, provider name: default
2025-04-07 22:02:26,581 - org.apache.skywalking.oap.server.starter.config.ApplicationConfigLoader - 78 [main] INFO  [] - Get a module define from application.yml, module name: receiver-profile
2025-04-07 22:02:26,581 - org.apache.skywalking.oap.server.starter.config.ApplicationConfigLoader - 82 [main] INFO  [] - Get a provider define belong to receiver-profile module, provider name: default
2025-04-07 22:02:26,581 - org.apache.skywalking.oap.server.starter.config.ApplicationConfigLoader - 78 [main] INFO  [] - Get a module define from application.yml, module name: service-mesh
2025-04-07 22:02:26,581 - org.apache.skywalking.oap.server.starter.config.ApplicationConfigLoader - 82 [main] INFO  [] - Get a provider define belong to service-mesh module, provider name: default
2025-04-07 22:02:26,582 - org.apache.skywalking.oap.server.starter.config.ApplicationConfigLoader - 78 [main] INFO  [] - Get a module define from application.yml, module name: envoy-metric
2025-04-07 22:02:26,582 - org.apache.skywalking.oap.server.starter.config.ApplicationConfigLoader - 82 [main] INFO  [] - Get a provider define belong to envoy-metric module, provider name: default
2025-04-07 22:02:26,583 - org.apache.skywalking.oap.server.starter.config.ApplicationConfigLoader - 78 [main] INFO  [] - Get a module define from application.yml, module name: receiver-meter
2025-04-07 22:02:26,583 - org.apache.skywalking.oap.server.starter.config.ApplicationConfigLoader - 82 [main] INFO  [] - Get a provider define belong to receiver-meter module, provider name: default
2025-04-07 22:02:26,583 - org.apache.skywalking.oap.server.starter.config.ApplicationConfigLoader - 78 [main] INFO  [] - Get a module define from application.yml, module name: receiver-otel
2025-04-07 22:02:26,584 - org.apache.skywalking.oap.server.starter.config.ApplicationConfigLoader - 82 [main] INFO  [] - Get a provider define belong to receiver-otel module, provider name: default
2025-04-07 22:02:26,584 - org.apache.skywalking.oap.server.starter.config.ApplicationConfigLoader - 78 [main] INFO  [] - Get a module define from application.yml, module name: receiver-browser
2025-04-07 22:02:26,584 - org.apache.skywalking.oap.server.starter.config.ApplicationConfigLoader - 82 [main] INFO  [] - Get a provider define belong to receiver-browser module, provider name: default
2025-04-07 22:02:26,584 - org.apache.skywalking.oap.server.starter.config.ApplicationConfigLoader - 78 [main] INFO  [] - Get a module define from application.yml, module name: receiver-log
2025-04-07 22:02:26,584 - org.apache.skywalking.oap.server.starter.config.ApplicationConfigLoader - 82 [main] INFO  [] - Get a provider define belong to receiver-log module, provider name: default
2025-04-07 22:02:26,584 - org.apache.skywalking.oap.server.starter.config.ApplicationConfigLoader - 78 [main] INFO  [] - Get a module define from application.yml, module name: query
2025-04-07 22:02:26,584 - org.apache.skywalking.oap.server.starter.config.ApplicationConfigLoader - 82 [main] INFO  [] - Get a provider define belong to query module, provider name: graphql
2025-04-07 22:02:26,585 - org.apache.skywalking.oap.server.starter.config.ApplicationConfigLoader - 78 [main] INFO  [] - Get a module define from application.yml, module name: promql
2025-04-07 22:02:26,585 - org.apache.skywalking.oap.server.starter.config.ApplicationConfigLoader - 82 [main] INFO  [] - Get a provider define belong to promql module, provider name: default
2025-04-07 22:02:26,586 - org.apache.skywalking.oap.server.starter.config.ApplicationConfigLoader - 78 [main] INFO  [] - Get a module define from application.yml, module name: logql
2025-04-07 22:02:26,586 - org.apache.skywalking.oap.server.starter.config.ApplicationConfigLoader - 82 [main] INFO  [] - Get a provider define belong to logql module, provider name: default
2025-04-07 22:02:26,586 - org.apache.skywalking.oap.server.starter.config.ApplicationConfigLoader - 78 [main] INFO  [] - Get a module define from application.yml, module name: alarm
2025-04-07 22:02:26,586 - org.apache.skywalking.oap.server.starter.config.ApplicationConfigLoader - 82 [main] INFO  [] - Get a provider define belong to alarm module, provider name: default
2025-04-07 22:02:26,587 - org.apache.skywalking.oap.server.starter.config.ApplicationConfigLoader - 78 [main] INFO  [] - Get a module define from application.yml, module name: telemetry
2025-04-07 22:02:26,587 - org.apache.skywalking.oap.server.starter.config.ApplicationConfigLoader - 82 [main] INFO  [] - Get a provider define belong to telemetry module, provider name: none
2025-04-07 22:02:26,587 - org.apache.skywalking.oap.server.starter.config.ApplicationConfigLoader - 78 [main] INFO  [] - Get a module define from application.yml, module name: configuration
2025-04-07 22:02:26,587 - org.apache.skywalking.oap.server.starter.config.ApplicationConfigLoader - 82 [main] INFO  [] - Get a provider define belong to configuration module, provider name: none
2025-04-07 22:02:26,587 - org.apache.skywalking.oap.server.starter.config.ApplicationConfigLoader - 78 [main] INFO  [] - Get a module define from application.yml, module name: debugging-query
2025-04-07 22:02:26,587 - org.apache.skywalking.oap.server.starter.config.ApplicationConfigLoader - 82 [main] INFO  [] - Get a provider define belong to debugging-query module, provider name: default
2025-04-07 22:02:26,588 - org.apache.skywalking.oap.server.starter.config.ApplicationConfigLoader - 78 [main] INFO  [] - Get a module define from application.yml, module name: configuration-discovery
2025-04-07 22:02:26,588 - org.apache.skywalking.oap.server.starter.config.ApplicationConfigLoader - 82 [main] INFO  [] - Get a provider define belong to configuration-discovery module, provider name: default
2025-04-07 22:02:26,588 - org.apache.skywalking.oap.server.starter.config.ApplicationConfigLoader - 78 [main] INFO  [] - Get a module define from application.yml, module name: receiver-event
2025-04-07 22:02:26,588 - org.apache.skywalking.oap.server.starter.config.ApplicationConfigLoader - 82 [main] INFO  [] - Get a provider define belong to receiver-event module, provider name: default
2025-04-07 22:02:26,588 - org.apache.skywalking.oap.server.starter.config.ApplicationConfigLoader - 78 [main] INFO  [] - Get a module define from application.yml, module name: receiver-ebpf
2025-04-07 22:02:26,588 - org.apache.skywalking.oap.server.starter.config.ApplicationConfigLoader - 82 [main] INFO  [] - Get a provider define belong to receiver-ebpf module, provider name: default
2025-04-07 22:02:26,589 - org.apache.skywalking.oap.server.starter.config.ApplicationConfigLoader - 78 [main] INFO  [] - Get a module define from application.yml, module name: receiver-telegraf
2025-04-07 22:02:26,589 - org.apache.skywalking.oap.server.starter.config.ApplicationConfigLoader - 82 [main] INFO  [] - Get a provider define belong to receiver-telegraf module, provider name: default
2025-04-07 22:02:26,590 - org.apache.skywalking.oap.server.starter.config.ApplicationConfigLoader - 78 [main] INFO  [] - Get a module define from application.yml, module name: aws-firehose
2025-04-07 22:02:26,590 - org.apache.skywalking.oap.server.starter.config.ApplicationConfigLoader - 82 [main] INFO  [] - Get a provider define belong to aws-firehose module, provider name: default
2025-04-07 22:02:26,590 - org.apache.skywalking.oap.server.starter.config.ApplicationConfigLoader - 126 [main] INFO  [] - Provider=default config=firehoseAccessKey has been set as an empty string
2025-04-07 22:02:26,591 - org.apache.skywalking.oap.server.starter.config.ApplicationConfigLoader - 126 [main] INFO  [] - Provider=default config=tlsKeyPath has been set as an empty string
2025-04-07 22:02:26,591 - org.apache.skywalking.oap.server.starter.config.ApplicationConfigLoader - 126 [main] INFO  [] - Provider=default config=tlsCertChainPath has been set as an empty string
2025-04-07 22:02:26,591 - org.apache.skywalking.oap.server.starter.config.ApplicationConfigLoader - 78 [main] INFO  [] - Get a module define from application.yml, module name: ai-pipeline
2025-04-07 22:02:26,591 - org.apache.skywalking.oap.server.starter.config.ApplicationConfigLoader - 82 [main] INFO  [] - Get a provider define belong to ai-pipeline module, provider name: default
2025-04-07 22:02:26,591 - org.apache.skywalking.oap.server.starter.config.ApplicationConfigLoader - 126 [main] INFO  [] - Provider=default config=uriRecognitionServerAddr has been set as an empty string
2025-04-07 22:02:26,782 - org.apache.skywalking.oap.server.library.module.ModuleDefine - 94 [main] INFO  [] - Prepare the default provider in agent-analyzer module.
2025-04-07 22:02:26,788 - org.apache.skywalking.oap.server.analyzer.provider.trace.UninstrumentedGatewaysConfig - 56 [main] INFO  [] - Default configured gateways: null
2025-04-07 22:02:26,788 - org.apache.skywalking.oap.server.analyzer.provider.trace.UninstrumentedGatewaysConfig - 83 [main] INFO  [] - Updating uninstrumented gateways with: null
2025-04-07 22:02:26,791 - org.apache.skywalking.oap.server.analyzer.provider.trace.TraceSamplingPolicyWatcher - 133 [main] INFO  [] - [trace-sampling-policy] use trace-sample-policy in static file : SamplingPolicySettings(defaultPolicy=SamplingPolicy(rate=10000, duration=-1), services={})
2025-04-07 22:02:26,835 - org.apache.skywalking.oap.server.library.module.ModuleDefine - 94 [main] INFO  [] - Prepare the default provider in ai-pipeline module.
2025-04-07 22:02:26,838 - org.apache.skywalking.oap.server.library.module.ModuleDefine - 94 [main] INFO  [] - Prepare the default provider in aws-firehose module.
2025-04-07 22:02:26,904 - com.linecorp.armeria.common.Flags - 1717 [main] INFO  [] - verboseExceptions: rate-limit=10 (default)
2025-04-07 22:02:27,051 - com.linecorp.armeria.common.Flags - 1717 [main] INFO  [] - useEpoll: false (default)
2025-04-07 22:02:27,070 - com.linecorp.armeria.common.Flags - 1717 [main] INFO  [] - annotatedServiceExceptionVerbosity: unhandled (default)
2025-04-07 22:02:27,452 - com.linecorp.armeria.common.Flags - 630 [main] INFO  [] - Using Tls engine: OpenSSL BoringSSL, 0x1010107f
2025-04-07 22:02:27,921 - com.linecorp.armeria.server.docs.DocStringExtractor - 134 [main] INFO  [] - Using com.linecorp.armeria.grpc.descriptorDir: META-INF/armeria/grpc
2025-04-07 22:02:28,107 - org.apache.skywalking.oap.server.library.server.http.HTTPServer - 98 [main] INFO  [] - Server root context path: /
2025-04-07 22:02:28,109 - org.apache.skywalking.oap.server.library.module.ModuleDefine - 94 [main] INFO  [] - Prepare the none provider in configuration module.
2025-04-07 22:02:28,109 - org.apache.skywalking.oap.server.library.module.ModuleDefine - 94 [main] INFO  [] - Prepare the default provider in configuration-discovery module.
2025-04-07 22:02:28,119 - org.apache.skywalking.oap.server.library.module.ModuleDefine - 94 [main] INFO  [] - Prepare the default provider in debugging-query module.
2025-04-07 22:02:28,120 - org.apache.skywalking.oap.server.library.module.ModuleDefine - 94 [main] INFO  [] - Prepare the default provider in envoy-metric module.
2025-04-07 22:02:28,127 - org.apache.skywalking.oap.server.library.module.ModuleDefine - 94 [main] INFO  [] - Prepare the default provider in event-analyzer module.
2025-04-07 22:02:28,129 - org.apache.skywalking.oap.server.library.module.ModuleDefine - 94 [main] INFO  [] - Prepare the default provider in log-analyzer module.
2025-04-07 22:02:28,131 - org.apache.skywalking.oap.server.library.module.ModuleDefine - 94 [main] INFO  [] - Prepare the default provider in logql module.
2025-04-07 22:02:28,132 - org.apache.skywalking.oap.server.library.module.ModuleDefine - 94 [main] INFO  [] - Prepare the default provider in receiver-otel module.
2025-04-07 22:02:28,145 - org.apache.skywalking.oap.server.library.module.ModuleDefine - 94 [main] INFO  [] - Prepare the default provider in promql module.
2025-04-07 22:02:28,147 - org.apache.skywalking.oap.server.library.module.ModuleDefine - 94 [main] INFO  [] - Prepare the mysql provider in storage module.
2025-04-07 22:02:28,204 - org.apache.skywalking.oap.server.library.module.ModuleDefine - 94 [main] INFO  [] - Prepare the standalone provider in cluster module.
2025-04-07 22:02:28,204 - org.apache.skywalking.oap.server.library.module.ModuleDefine - 94 [main] INFO  [] - Prepare the default provider in core module.
2025-04-07 22:02:29,454 - org.apache.skywalking.oap.server.library.server.http.HTTPServer - 98 [main] INFO  [] - Server root context path: /
2025-04-07 22:02:30,108 - org.apache.skywalking.oap.server.library.module.ModuleDefine - 94 [main] INFO  [] - Prepare the graphql provider in query module.
2025-04-07 22:02:30,137 - org.apache.skywalking.oap.server.library.module.ModuleDefine - 94 [main] INFO  [] - Prepare the default provider in alarm module.
2025-04-07 22:02:30,141 - org.apache.skywalking.oap.server.core.alarm.provider.AlarmRulesWatcher - 134 [main] INFO  [] - Update alarm rules to Rules(rules=[], webhookSettingsMap={}, grpcAlarmSettingMap={}, slackSettingsMap={}, wechatSettingsMap={}, dingtalkSettingsMap={}, feishuSettingsMap={}, weLinkSettingsMap={}, pagerDutySettingsMap={}, discordSettingsMap={})
2025-04-07 22:02:30,143 - org.apache.skywalking.oap.server.library.module.ModuleDefine - 94 [main] INFO  [] - Prepare the default provider in receiver-browser module.
2025-04-07 22:02:30,144 - org.apache.skywalking.oap.server.library.module.ModuleDefine - 94 [main] INFO  [] - Prepare the default provider in receiver-clr module.
2025-04-07 22:02:30,145 - org.apache.skywalking.oap.server.library.module.ModuleDefine - 94 [main] INFO  [] - Prepare the default provider in receiver-ebpf module.
2025-04-07 22:02:30,146 - org.apache.skywalking.oap.server.library.module.ModuleDefine - 94 [main] INFO  [] - Prepare the default provider in receiver-event module.
2025-04-07 22:02:30,146 - org.apache.skywalking.oap.server.library.module.ModuleDefine - 94 [main] INFO  [] - Prepare the default provider in receiver-jvm module.
2025-04-07 22:02:30,147 - org.apache.skywalking.oap.server.library.module.ModuleDefine - 94 [main] INFO  [] - Prepare the default provider in receiver-log module.
2025-04-07 22:02:30,147 - org.apache.skywalking.oap.server.library.module.ModuleDefine - 94 [main] INFO  [] - Prepare the default provider in receiver-register module.
2025-04-07 22:02:30,148 - org.apache.skywalking.oap.server.library.module.ModuleDefine - 94 [main] INFO  [] - Prepare the default provider in service-mesh module.
2025-04-07 22:02:30,148 - org.apache.skywalking.oap.server.library.module.ModuleDefine - 94 [main] INFO  [] - Prepare the default provider in receiver-meter module.
2025-04-07 22:02:30,148 - org.apache.skywalking.oap.server.library.module.ModuleDefine - 94 [main] INFO  [] - Prepare the default provider in receiver-profile module.
2025-04-07 22:02:30,149 - org.apache.skywalking.oap.server.library.module.ModuleDefine - 94 [main] INFO  [] - Prepare the default provider in receiver-sharing-server module.
2025-04-07 22:02:30,151 - org.apache.skywalking.oap.server.library.module.ModuleDefine - 94 [main] INFO  [] - Prepare the default provider in receiver-telegraf module.
2025-04-07 22:02:30,158 - org.apache.skywalking.oap.server.library.module.ModuleDefine - 94 [main] INFO  [] - Prepare the default provider in receiver-trace module.
2025-04-07 22:02:30,159 - org.apache.skywalking.oap.server.library.module.ModuleDefine - 94 [main] INFO  [] - Prepare the none provider in telemetry module.
2025-04-07 22:02:30,162 - org.apache.skywalking.oap.server.library.module.BootstrapFlow - 43 [main] INFO  [] - start the provider standalone in cluster module.
2025-04-07 22:02:30,162 - org.apache.skywalking.oap.server.library.module.BootstrapFlow - 43 [main] INFO  [] - start the provider none in configuration module.
2025-04-07 22:02:30,162 - org.apache.skywalking.oap.server.library.module.BootstrapFlow - 43 [main] INFO  [] - start the provider default in ai-pipeline module.
2025-04-07 22:02:30,162 - org.apache.skywalking.oap.server.library.module.BootstrapFlow - 43 [main] INFO  [] - start the provider graphql in query module.
2025-04-07 22:02:30,974 - graphql.kickstart.tools.SchemaClassScanner - 183 [main] WARN  [] - Schema type was defined but can never be accessed, and can be safely deleted: ProfiledSegment
2025-04-07 22:02:31,210 - org.apache.skywalking.oap.server.library.server.http.HTTPServer - 107 [main] INFO  [] - Bind handler GraphQLQueryHandler into http server 0.0.0.0:12800
2025-04-07 22:02:31,212 - org.apache.skywalking.oap.server.library.module.BootstrapFlow - 43 [main] INFO  [] - start the provider none in telemetry module.
2025-04-07 22:02:31,212 - org.apache.skywalking.oap.server.library.module.BootstrapFlow - 43 [main] INFO  [] - start the provider default in core module.
2025-04-07 22:02:31,424 - org.apache.skywalking.oap.server.core.analysis.DispatcherManager - 117 [main] INFO  [] - Dispatcher org.apache.skywalking.oap.server.core.analysis.manual.cache.CacheSlowAccessDispatcher is added into DefaultScopeDefine 56.
2025-04-07 22:02:31,425 - org.apache.skywalking.oap.server.core.analysis.DispatcherManager - 117 [main] INFO  [] - Dispatcher org.apache.skywalking.oap.server.core.analysis.manual.database.DatabaseStatementDispatcher is added into DefaultScopeDefine 18.
2025-04-07 22:02:31,426 - org.apache.skywalking.oap.server.core.analysis.DispatcherManager - 117 [main] INFO  [] - Dispatcher org.apache.skywalking.oap.server.core.analysis.manual.endpoint.EndpointMetaDispatcher is added into DefaultScopeDefine 42.
2025-04-07 22:02:31,426 - org.apache.skywalking.oap.server.core.analysis.DispatcherManager - 117 [main] INFO  [] - Dispatcher org.apache.skywalking.oap.server.core.analysis.manual.endpoint.EndpointTrafficDispatcher is added into DefaultScopeDefine 3.
2025-04-07 22:02:31,426 - org.apache.skywalking.oap.server.core.analysis.DispatcherManager - 117 [main] INFO  [] - Dispatcher org.apache.skywalking.oap.server.core.analysis.manual.endpoint.HubbleEndpointDispatcher is added into DefaultScopeDefine 82.
2025-04-07 22:02:31,427 - org.apache.skywalking.oap.server.core.analysis.DispatcherManager - 117 [main] INFO  [] - Dispatcher org.apache.skywalking.oap.server.core.analysis.manual.endpoint.K8SEndpointTrafficDispatcher is added into DefaultScopeDefine 76.
2025-04-07 22:02:31,427 - org.apache.skywalking.oap.server.core.analysis.DispatcherManager - 117 [main] INFO  [] - Dispatcher org.apache.skywalking.oap.server.core.analysis.manual.instance.HubbleInstanceTrafficDispatcher is added into DefaultScopeDefine 79.
2025-04-07 22:02:31,427 - org.apache.skywalking.oap.server.core.analysis.DispatcherManager - 117 [main] INFO  [] - Dispatcher org.apache.skywalking.oap.server.core.analysis.manual.instance.InstanceTrafficDispatcher is added into DefaultScopeDefine 2.
2025-04-07 22:02:31,427 - org.apache.skywalking.oap.server.core.analysis.DispatcherManager - 117 [main] INFO  [] - Dispatcher org.apache.skywalking.oap.server.core.analysis.manual.instance.InstanceUpdateDispatcher is added into DefaultScopeDefine 30.
2025-04-07 22:02:31,428 - org.apache.skywalking.oap.server.core.analysis.DispatcherManager - 117 [main] INFO  [] - Dispatcher org.apache.skywalking.oap.server.core.analysis.manual.instance.K8SInstanceTrafficDispatcher is added into DefaultScopeDefine 73.
2025-04-07 22:02:31,428 - org.apache.skywalking.oap.server.core.analysis.DispatcherManager - 117 [main] INFO  [] - Dispatcher org.apache.skywalking.oap.server.core.analysis.manual.instance.TCPInstanceTrafficDispatcher is added into DefaultScopeDefine 58.
2025-04-07 22:02:31,428 - org.apache.skywalking.oap.server.core.analysis.DispatcherManager - 117 [main] INFO  [] - Dispatcher org.apache.skywalking.oap.server.core.analysis.manual.instance.TCPInstanceUpdateDispatcher is added into DefaultScopeDefine 61.
2025-04-07 22:02:31,428 - org.apache.skywalking.oap.server.core.analysis.DispatcherManager - 117 [main] INFO  [] - Dispatcher org.apache.skywalking.oap.server.core.analysis.manual.log.LogRecordDispatcher is added into DefaultScopeDefine 41.
2025-04-07 22:02:31,428 - org.apache.skywalking.oap.server.core.analysis.DispatcherManager - 117 [main] INFO  [] - Dispatcher org.apache.skywalking.oap.server.core.analysis.manual.networkalias.NetworkAddressAliasSetupDispatcher is added into DefaultScopeDefine 31.
2025-04-07 22:02:31,429 - org.apache.skywalking.oap.server.core.analysis.DispatcherManager - 117 [main] INFO  [] - Dispatcher org.apache.skywalking.oap.server.core.analysis.manual.process.ProcessDispatcher is added into DefaultScopeDefine 45.
2025-04-07 22:02:31,429 - org.apache.skywalking.oap.server.core.analysis.DispatcherManager - 117 [main] INFO  [] - Dispatcher org.apache.skywalking.oap.server.core.analysis.manual.process.ProcessLabelDispatcher is added into DefaultScopeDefine 49.
2025-04-07 22:02:31,429 - org.apache.skywalking.oap.server.core.analysis.DispatcherManager - 117 [main] INFO  [] - Dispatcher org.apache.skywalking.oap.server.core.analysis.manual.relation.endpoint.EndpointCallRelationDispatcher is added into DefaultScopeDefine 6.
2025-04-07 22:02:31,430 - org.apache.skywalking.oap.server.core.analysis.DispatcherManager - 117 [main] INFO  [] - Dispatcher org.apache.skywalking.oap.server.core.analysis.manual.relation.endpoint.HubbleEndpointCallRelationDispatcher is added into DefaultScopeDefine 83.
2025-04-07 22:02:31,430 - org.apache.skywalking.oap.server.core.analysis.DispatcherManager - 117 [main] INFO  [] - Dispatcher org.apache.skywalking.oap.server.core.analysis.manual.relation.instance.HubbleServiceInstanceCallRelationDispatcher is added into DefaultScopeDefine 81.
2025-04-07 22:02:31,430 - org.apache.skywalking.oap.server.core.analysis.DispatcherManager - 117 [main] INFO  [] - Dispatcher org.apache.skywalking.oap.server.core.analysis.manual.relation.instance.K8SServiceInstanceCallRelationDispatcher is added into DefaultScopeDefine 75.
2025-04-07 22:02:31,430 - org.apache.skywalking.oap.server.core.analysis.DispatcherManager - 117 [main] INFO  [] - Dispatcher org.apache.skywalking.oap.server.core.analysis.manual.relation.instance.ServiceInstanceCallRelationDispatcher is added into DefaultScopeDefine 5.
2025-04-07 22:02:31,430 - org.apache.skywalking.oap.server.core.analysis.DispatcherManager - 117 [main] INFO  [] - Dispatcher org.apache.skywalking.oap.server.core.analysis.manual.relation.instance.TCPServiceInstanceCallRelationDispatcher is added into DefaultScopeDefine 60.
2025-04-07 22:02:31,431 - org.apache.skywalking.oap.server.core.analysis.DispatcherManager - 117 [main] INFO  [] - Dispatcher org.apache.skywalking.oap.server.core.analysis.manual.relation.process.ProcessRelationDispatcher is added into DefaultScopeDefine 54.
2025-04-07 22:02:31,431 - org.apache.skywalking.oap.server.core.analysis.DispatcherManager - 117 [main] INFO  [] - Dispatcher org.apache.skywalking.oap.server.core.analysis.manual.relation.service.HubbleServiceCallRelationDispatcher is added into DefaultScopeDefine 80.
2025-04-07 22:02:31,431 - org.apache.skywalking.oap.server.core.analysis.DispatcherManager - 117 [main] INFO  [] - Dispatcher org.apache.skywalking.oap.server.core.analysis.manual.relation.service.K8SServiceCallRelationDispatcher is added into DefaultScopeDefine 74.
2025-04-07 22:02:31,431 - org.apache.skywalking.oap.server.core.analysis.DispatcherManager - 117 [main] INFO  [] - Dispatcher org.apache.skywalking.oap.server.core.analysis.manual.relation.service.ServiceCallRelationDispatcher is added into DefaultScopeDefine 4.
2025-04-07 22:02:31,431 - org.apache.skywalking.oap.server.core.analysis.DispatcherManager - 117 [main] INFO  [] - Dispatcher org.apache.skywalking.oap.server.core.analysis.manual.relation.service.TCPServiceCallRelationDispatcher is added into DefaultScopeDefine 59.
2025-04-07 22:02:31,431 - org.apache.skywalking.oap.server.core.analysis.DispatcherManager - 117 [main] INFO  [] - Dispatcher org.apache.skywalking.oap.server.core.analysis.manual.searchtag.TagAutocompleteDispatcher is added into DefaultScopeDefine 50.
2025-04-07 22:02:31,432 - org.apache.skywalking.oap.server.core.analysis.DispatcherManager - 117 [main] INFO  [] - Dispatcher org.apache.skywalking.oap.server.core.analysis.manual.segment.SegmentDispatcher is added into DefaultScopeDefine 12.
2025-04-07 22:02:31,432 - org.apache.skywalking.oap.server.core.analysis.DispatcherManager - 117 [main] INFO  [] - Dispatcher org.apache.skywalking.oap.server.core.analysis.manual.service.HubbleServiceTrafficDispatcher is added into DefaultScopeDefine 78.
2025-04-07 22:02:31,432 - org.apache.skywalking.oap.server.core.analysis.DispatcherManager - 117 [main] INFO  [] - Dispatcher org.apache.skywalking.oap.server.core.analysis.manual.service.K8SServiceTrafficDispatcher is added into DefaultScopeDefine 72.
2025-04-07 22:02:31,433 - org.apache.skywalking.oap.server.core.analysis.DispatcherManager - 117 [main] INFO  [] - Dispatcher org.apache.skywalking.oap.server.core.analysis.manual.service.ServiceMetaDispatcher is added into DefaultScopeDefine 29.
2025-04-07 22:02:31,433 - org.apache.skywalking.oap.server.core.analysis.DispatcherManager - 117 [main] INFO  [] - Dispatcher org.apache.skywalking.oap.server.core.analysis.manual.service.ServiceTrafficDispatcher is added into DefaultScopeDefine 1.
2025-04-07 22:02:31,433 - org.apache.skywalking.oap.server.core.analysis.DispatcherManager - 117 [main] INFO  [] - Dispatcher org.apache.skywalking.oap.server.core.analysis.manual.service.TCPServiceTrafficDispatcher is added into DefaultScopeDefine 57.
2025-04-07 22:02:31,434 - org.apache.skywalking.oap.server.core.analysis.DispatcherManager - 117 [main] INFO  [] - Dispatcher org.apache.skywalking.oap.server.core.browser.manual.endpoint.BrowserAppPageTrafficDispatcher is added into DefaultScopeDefine 40.
2025-04-07 22:02:31,434 - org.apache.skywalking.oap.server.core.analysis.DispatcherManager - 117 [main] INFO  [] - Dispatcher org.apache.skywalking.oap.server.core.browser.manual.errorlog.BrowserErrorLogRecordDispatcher is added into DefaultScopeDefine 34.
2025-04-07 22:02:31,434 - org.apache.skywalking.oap.server.core.analysis.DispatcherManager - 117 [main] INFO  [] - Dispatcher org.apache.skywalking.oap.server.core.browser.manual.instance.BrowserAppSingleVersionTrafficDispatcher is added into DefaultScopeDefine 39.
2025-04-07 22:02:31,434 - org.apache.skywalking.oap.server.core.analysis.DispatcherManager - 117 [main] INFO  [] - Dispatcher org.apache.skywalking.oap.server.core.browser.manual.service.BrowserAppTrafficDispatcher is added into DefaultScopeDefine 38.
2025-04-07 22:02:31,434 - org.apache.skywalking.oap.server.core.analysis.DispatcherManager - 117 [main] INFO  [] - Dispatcher org.apache.skywalking.oap.server.core.hierarchy.instance.InstanceHierarchyTrafficRelationDispatcher is added into DefaultScopeDefine 71.
2025-04-07 22:02:31,435 - org.apache.skywalking.oap.server.core.analysis.DispatcherManager - 117 [main] INFO  [] - Dispatcher org.apache.skywalking.oap.server.core.hierarchy.service.ServiceHierarchyTrafficRelationDispatcher is added into DefaultScopeDefine 70.
2025-04-07 22:02:31,435 - org.apache.skywalking.oap.server.core.analysis.DispatcherManager - 117 [main] INFO  [] - Dispatcher org.apache.skywalking.oap.server.core.profiling.ebpf.storage.EBPFProcessProfilingDataDispatcher is added into DefaultScopeDefine 48.
2025-04-07 22:02:31,435 - org.apache.skywalking.oap.server.core.analysis.DispatcherManager - 117 [main] INFO  [] - Dispatcher org.apache.skywalking.oap.server.core.profiling.ebpf.storage.EBPFProcessProfilingScheduleDispatcher is added into DefaultScopeDefine 47.
2025-04-07 22:02:31,437 - org.apache.skywalking.oap.server.core.analysis.DispatcherManager - 117 [main] INFO  [] - Dispatcher org.apache.skywalking.oap.server.core.zipkin.dispatcher.ZipkinServiceDispatcher is added into DefaultScopeDefine 51.
2025-04-07 22:02:31,437 - org.apache.skywalking.oap.server.core.analysis.DispatcherManager - 117 [main] INFO  [] - Dispatcher org.apache.skywalking.oap.server.core.zipkin.dispatcher.ZipkinServiceRelationDispatcher is added into DefaultScopeDefine 53.
2025-04-07 22:02:31,438 - org.apache.skywalking.oap.server.core.analysis.DispatcherManager - 117 [main] INFO  [] - Dispatcher org.apache.skywalking.oap.server.core.zipkin.dispatcher.ZipkinServiceSpanDispatcher is added into DefaultScopeDefine 52.
2025-04-07 22:02:31,438 - org.apache.skywalking.oap.server.core.analysis.DispatcherManager - 117 [main] INFO  [] - Dispatcher org.apache.skywalking.oap.server.core.zipkin.dispatcher.ZipkinSpanRecordDispatcher is added into DefaultScopeDefine 23.
2025-04-07 22:02:31,585 - org.apache.skywalking.oap.server.library.module.BootstrapFlow - 43 [main] INFO  [] - start the provider default in agent-analyzer module.
2025-04-07 22:02:32,319 - org.apache.skywalking.oap.server.core.analysis.DispatcherManager - 117 [main] INFO  [] - Dispatcher org.apache.skywalking.oap.server.core.source.oal.rt.dispatcher.MQEndpointAccessDispatcher is added into DefaultScopeDefine 64.
2025-04-07 22:02:32,319 - org.apache.skywalking.oap.server.core.analysis.DispatcherManager - 117 [main] INFO  [] - Dispatcher org.apache.skywalking.oap.server.core.source.oal.rt.dispatcher.EndpointRelationDispatcher is added into DefaultScopeDefine 6.
2025-04-07 22:02:32,319 - org.apache.skywalking.oap.server.core.analysis.DispatcherManager - 117 [main] INFO  [] - Dispatcher org.apache.skywalking.oap.server.core.source.oal.rt.dispatcher.ServiceRelationDispatcher is added into DefaultScopeDefine 4.
2025-04-07 22:02:32,320 - org.apache.skywalking.oap.server.core.analysis.DispatcherManager - 117 [main] INFO  [] - Dispatcher org.apache.skywalking.oap.server.core.source.oal.rt.dispatcher.EndpointDispatcher is added into DefaultScopeDefine 3.
2025-04-07 22:02:32,320 - org.apache.skywalking.oap.server.core.analysis.DispatcherManager - 117 [main] INFO  [] - Dispatcher org.apache.skywalking.oap.server.core.source.oal.rt.dispatcher.DatabaseAccessDispatcher is added into DefaultScopeDefine 17.
2025-04-07 22:02:32,320 - org.apache.skywalking.oap.server.core.analysis.DispatcherManager - 117 [main] INFO  [] - Dispatcher org.apache.skywalking.oap.server.core.source.oal.rt.dispatcher.MQAccessDispatcher is added into DefaultScopeDefine 63.
2025-04-07 22:02:32,320 - org.apache.skywalking.oap.server.core.analysis.DispatcherManager - 117 [main] INFO  [] - Dispatcher org.apache.skywalking.oap.server.core.source.oal.rt.dispatcher.CacheAccessDispatcher is added into DefaultScopeDefine 55.
2025-04-07 22:02:32,320 - org.apache.skywalking.oap.server.core.analysis.DispatcherManager - 117 [main] INFO  [] - Dispatcher org.apache.skywalking.oap.server.core.source.oal.rt.dispatcher.ServiceInstanceDispatcher is added into DefaultScopeDefine 2.
2025-04-07 22:02:32,320 - org.apache.skywalking.oap.server.core.analysis.DispatcherManager - 117 [main] INFO  [] - Dispatcher org.apache.skywalking.oap.server.core.source.oal.rt.dispatcher.ServiceDispatcher is added into DefaultScopeDefine 1.
2025-04-07 22:02:32,320 - org.apache.skywalking.oap.server.core.analysis.DispatcherManager - 117 [main] INFO  [] - Dispatcher org.apache.skywalking.oap.server.core.source.oal.rt.dispatcher.ServiceInstanceRelationDispatcher is added into DefaultScopeDefine 5.
2025-04-07 22:02:32,557 - org.apache.skywalking.oap.server.starter.OAPServerBootstrap - 64 [main] ERROR [] - BUG! exception in phase 'semantic analysis' in source unit 'Script1.groovy' Unsupported class file major version 68
org.codehaus.groovy.GroovyBugError: BUG! exception in phase 'semantic analysis' in source unit 'Script1.groovy' Unsupported class file major version 68
	at org.codehaus.groovy.control.CompilationUnit$ISourceUnitOperation.doPhaseOperation(CompilationUnit.java:901) ~[groovy-4.0.15.jar:4.0.15]
	at org.codehaus.groovy.control.CompilationUnit.processPhaseOperations(CompilationUnit.java:692) ~[groovy-4.0.15.jar:4.0.15]
	at org.codehaus.groovy.control.CompilationUnit.compile(CompilationUnit.java:666) ~[groovy-4.0.15.jar:4.0.15]
	at groovy.lang.GroovyClassLoader.doParseClass(GroovyClassLoader.java:373) ~[groovy-4.0.15.jar:4.0.15]
	at groovy.lang.GroovyClassLoader.lambda$parseClass$2(GroovyClassLoader.java:316) ~[groovy-4.0.15.jar:4.0.15]
	at org.codehaus.groovy.runtime.memoize.StampedCommonCache.compute(StampedCommonCache.java:163) ~[groovy-4.0.15.jar:4.0.15]
	at org.codehaus.groovy.runtime.memoize.StampedCommonCache.getAndPut(StampedCommonCache.java:154) ~[groovy-4.0.15.jar:4.0.15]
	at groovy.lang.GroovyClassLoader.parseClass(GroovyClassLoader.java:314) ~[groovy-4.0.15.jar:4.0.15]
	at groovy.lang.GroovyShell.parseClass(GroovyShell.java:572) ~[groovy-4.0.15.jar:4.0.15]
	at groovy.lang.GroovyShell.parse(GroovyShell.java:585) ~[groovy-4.0.15.jar:4.0.15]
	at groovy.lang.GroovyShell.parse(GroovyShell.java:639) ~[groovy-4.0.15.jar:4.0.15]
	at groovy.lang.GroovyShell.parse(GroovyShell.java:625) ~[groovy-4.0.15.jar:4.0.15]
	at groovy.lang.GroovyShell.parse(GroovyShell.java:634) ~[groovy-4.0.15.jar:4.0.15]
	at org.apache.skywalking.oap.meter.analyzer.dsl.DSL.parse(DSL.java:85) ~[meter-analyzer-10.1.0.jar:10.1.0]
	at org.apache.skywalking.oap.meter.analyzer.Analyzer.build(Analyzer.java:87) ~[meter-analyzer-10.1.0.jar:10.1.0]
	at org.apache.skywalking.oap.meter.analyzer.MetricConvert.buildAnalyzer(MetricConvert.java:74) ~[meter-analyzer-10.1.0.jar:10.1.0]
	at org.apache.skywalking.oap.meter.analyzer.MetricConvert.lambda$new$2(MetricConvert.java:61) ~[meter-analyzer-10.1.0.jar:10.1.0]
	at java.util.stream.ReferencePipeline$3$1.accept(ReferencePipeline.java:215) ~[?:?]
	at java.util.ArrayList$ArrayListSpliterator.forEachRemaining(ArrayList.java:1716) ~[?:?]
	at java.util.stream.AbstractPipeline.copyInto(AbstractPipeline.java:570) ~[?:?]
	at java.util.stream.AbstractPipeline.wrapAndCopyInto(AbstractPipeline.java:560) ~[?:?]
	at java.util.stream.ReduceOps$ReduceOp.evaluateSequential(ReduceOps.java:921) ~[?:?]
	at java.util.stream.AbstractPipeline.evaluate(AbstractPipeline.java:265) ~[?:?]
	at java.util.stream.ReferencePipeline.collect(ReferencePipeline.java:727) ~[?:?]
	at org.apache.skywalking.oap.meter.analyzer.MetricConvert.<init>(MetricConvert.java:67) ~[meter-analyzer-10.1.0.jar:10.1.0]
	at org.apache.skywalking.oap.server.analyzer.provider.meter.process.MeterProcessService.lambda$start$0(MeterProcessService.java:44) ~[agent-analyzer-10.1.0.jar:10.1.0]
	at java.util.stream.ReferencePipeline$3$1.accept(ReferencePipeline.java:215) ~[?:?]
	at java.util.ArrayList$ArrayListSpliterator.forEachRemaining(ArrayList.java:1716) ~[?:?]
	at java.util.stream.AbstractPipeline.copyInto(AbstractPipeline.java:570) ~[?:?]
	at java.util.stream.AbstractPipeline.wrapAndCopyInto(AbstractPipeline.java:560) ~[?:?]
	at java.util.stream.ReduceOps$ReduceOp.evaluateSequential(ReduceOps.java:921) ~[?:?]
	at java.util.stream.AbstractPipeline.evaluate(AbstractPipeline.java:265) ~[?:?]
	at java.util.stream.ReferencePipeline.collect(ReferencePipeline.java:727) ~[?:?]
	at org.apache.skywalking.oap.server.analyzer.provider.meter.process.MeterProcessService.start(MeterProcessService.java:44) ~[agent-analyzer-10.1.0.jar:10.1.0]
	at org.apache.skywalking.oap.server.analyzer.provider.AnalyzerModuleProvider.start(AnalyzerModuleProvider.java:138) ~[agent-analyzer-10.1.0.jar:10.1.0]
	at org.apache.skywalking.oap.server.library.module.BootstrapFlow.start(BootstrapFlow.java:46) ~[library-module-10.1.0.jar:10.1.0]
	at org.apache.skywalking.oap.server.library.module.ModuleManager.init(ModuleManager.java:75) ~[library-module-10.1.0.jar:10.1.0]
	at org.apache.skywalking.oap.server.starter.OAPServerBootstrap.start(OAPServerBootstrap.java:52) [server-starter-10.1.0.jar:10.1.0]
	at org.apache.skywalking.oap.server.starter.OAPServerStartUp.main(OAPServerStartUp.java:23) [server-starter-10.1.0.jar:10.1.0]
Caused by: java.lang.IllegalArgumentException: Unsupported class file major version 68
	at groovyjarjarasm.asm.ClassReader.<init>(ClassReader.java:199) ~[groovy-4.0.15.jar:4.0.15]
	at groovyjarjarasm.asm.ClassReader.<init>(ClassReader.java:180) ~[groovy-4.0.15.jar:4.0.15]
	at groovyjarjarasm.asm.ClassReader.<init>(ClassReader.java:166) ~[groovy-4.0.15.jar:4.0.15]
	at groovyjarjarasm.asm.ClassReader.<init>(ClassReader.java:287) ~[groovy-4.0.15.jar:4.0.15]
	at org.codehaus.groovy.ast.decompiled.AsmDecompiler.parseClass(AsmDecompiler.java:83) ~[groovy-4.0.15.jar:4.0.15]
	at org.codehaus.groovy.control.ClassNodeResolver.findDecompiled(ClassNodeResolver.java:255) ~[groovy-4.0.15.jar:4.0.15]
	at org.codehaus.groovy.control.ClassNodeResolver.tryAsLoaderClassOrScript(ClassNodeResolver.java:193) ~[groovy-4.0.15.jar:4.0.15]
	at org.codehaus.groovy.control.ClassNodeResolver.findClassNode(ClassNodeResolver.java:175) ~[groovy-4.0.15.jar:4.0.15]
	at org.codehaus.groovy.control.ClassNodeResolver.resolveName(ClassNodeResolver.java:129) ~[groovy-4.0.15.jar:4.0.15]
	at org.codehaus.groovy.ast.decompiled.AsmReferenceResolver.resolveClassNullable(AsmReferenceResolver.java:57) ~[groovy-4.0.15.jar:4.0.15]
	at org.codehaus.groovy.ast.decompiled.AsmReferenceResolver.resolveClass(AsmReferenceResolver.java:44) ~[groovy-4.0.15.jar:4.0.15]
	at org.codehaus.groovy.ast.decompiled.TypeSignatureParser.visitEnd(TypeSignatureParser.java:113) ~[groovy-4.0.15.jar:4.0.15]
	at groovyjarjarasm.asm.signature.SignatureReader.parseType(SignatureReader.java:206) ~[groovy-4.0.15.jar:4.0.15]
	at groovyjarjarasm.asm.signature.SignatureReader.accept(SignatureReader.java:122) ~[groovy-4.0.15.jar:4.0.15]
	at org.codehaus.groovy.ast.decompiled.ClassSignatureParser.parseClassSignature(ClassSignatureParser.java:111) ~[groovy-4.0.15.jar:4.0.15]
	at org.codehaus.groovy.ast.decompiled.ClassSignatureParser.configureClass(ClassSignatureParser.java:35) ~[groovy-4.0.15.jar:4.0.15]
	at org.codehaus.groovy.ast.decompiled.DecompiledClassNode.lazyInitSupers(DecompiledClassNode.java:189) ~[groovy-4.0.15.jar:4.0.15]
	at org.codehaus.groovy.ast.decompiled.DecompiledClassNode.getUnresolvedSuperClass(DecompiledClassNode.java:172) ~[groovy-4.0.15.jar:4.0.15]
	at org.codehaus.groovy.ast.ClassNode.getUnresolvedSuperClass(ClassNode.java:1043) ~[groovy-4.0.15.jar:4.0.15]
	at org.codehaus.groovy.ast.ClassNode.getSuperClass(ClassNode.java:1037) ~[groovy-4.0.15.jar:4.0.15]
	at org.codehaus.groovy.control.ResolveVisitor.transformPropertyExpression(ResolveVisitor.java:932) ~[groovy-4.0.15.jar:4.0.15]
	at org.codehaus.groovy.control.ResolveVisitor.transform(ResolveVisitor.java:793) ~[groovy-4.0.15.jar:4.0.15]
	at org.codehaus.groovy.ast.expr.Expression.transformExpressions(Expression.java:49) ~[groovy-4.0.15.jar:4.0.15]
	at org.codehaus.groovy.ast.expr.ArgumentListExpression.transformExpression(ArgumentListExpression.java:67) ~[groovy-4.0.15.jar:4.0.15]
	at org.codehaus.groovy.control.ResolveVisitor.transform(ResolveVisitor.java:808) ~[groovy-4.0.15.jar:4.0.15]
	at org.codehaus.groovy.control.ResolveVisitor.transformMethodCallExpression(ResolveVisitor.java:1139) ~[groovy-4.0.15.jar:4.0.15]
	at org.codehaus.groovy.control.ResolveVisitor.transform(ResolveVisitor.java:799) ~[groovy-4.0.15.jar:4.0.15]
	at org.codehaus.groovy.ast.ClassCodeExpressionTransformer.visitExpressionStatement(ClassCodeExpressionTransformer.java:129) ~[groovy-4.0.15.jar:4.0.15]
	at org.codehaus.groovy.ast.stmt.ExpressionStatement.visit(ExpressionStatement.java:41) ~[groovy-4.0.15.jar:4.0.15]
	at org.codehaus.groovy.ast.CodeVisitorSupport.visitBlockStatement(CodeVisitorSupport.java:86) ~[groovy-4.0.15.jar:4.0.15]
	at org.codehaus.groovy.ast.ClassCodeVisitorSupport.visitBlockStatement(ClassCodeVisitorSupport.java:168) ~[groovy-4.0.15.jar:4.0.15]
	at org.codehaus.groovy.control.ResolveVisitor.visitBlockStatement(ResolveVisitor.java:1388) ~[groovy-4.0.15.jar:4.0.15]
	at org.codehaus.groovy.ast.stmt.BlockStatement.visit(BlockStatement.java:72) ~[groovy-4.0.15.jar:4.0.15]
	at org.codehaus.groovy.ast.ClassCodeVisitorSupport.visitClassCodeContainer(ClassCodeVisitorSupport.java:142) ~[groovy-4.0.15.jar:4.0.15]
	at org.codehaus.groovy.ast.ClassCodeVisitorSupport.visitConstructorOrMethod(ClassCodeVisitorSupport.java:115) ~[groovy-4.0.15.jar:4.0.15]
	at org.codehaus.groovy.ast.ClassCodeExpressionTransformer.visitConstructorOrMethod(ClassCodeExpressionTransformer.java:87) ~[groovy-4.0.15.jar:4.0.15]
	at org.codehaus.groovy.control.ResolveVisitor.visitConstructorOrMethod(ResolveVisitor.java:297) ~[groovy-4.0.15.jar:4.0.15]
	at org.codehaus.groovy.ast.ClassCodeVisitorSupport.visitMethod(ClassCodeVisitorSupport.java:110) ~[groovy-4.0.15.jar:4.0.15]
	at org.codehaus.groovy.control.ResolveVisitor.visitMethod(ResolveVisitor.java:268) ~[groovy-4.0.15.jar:4.0.15]
	at org.codehaus.groovy.ast.ClassNode.visitMethods(ClassNode.java:1129) ~[groovy-4.0.15.jar:4.0.15]
	at org.codehaus.groovy.ast.ClassNode.visitContents(ClassNode.java:1122) ~[groovy-4.0.15.jar:4.0.15]
	at org.codehaus.groovy.ast.ClassCodeVisitorSupport.visitClass(ClassCodeVisitorSupport.java:52) ~[groovy-4.0.15.jar:4.0.15]
	at org.codehaus.groovy.control.ResolveVisitor.visitClass(ResolveVisitor.java:1334) ~[groovy-4.0.15.jar:4.0.15]
	at org.codehaus.groovy.control.ResolveVisitor.startResolving(ResolveVisitor.java:258) ~[groovy-4.0.15.jar:4.0.15]
	at org.codehaus.groovy.control.CompilationUnit.lambda$addPhaseOperations$4(CompilationUnit.java:218) ~[groovy-4.0.15.jar:4.0.15]
	at org.codehaus.groovy.control.CompilationUnit$ISourceUnitOperation.doPhaseOperation(CompilationUnit.java:897) ~[groovy-4.0.15.jar:4.0.15]
	... 38 more
2025-04-07 22:02:38,479 - org.apache.skywalking.oap.server.starter.config.ApplicationConfigLoader - 185 [main] INFO  [] - Remove module receiver-zabbix without any provider
2025-04-07 22:02:38,481 - org.apache.skywalking.oap.server.starter.config.ApplicationConfigLoader - 185 [main] INFO  [] - Remove module kafka-fetcher without any provider
2025-04-07 22:02:38,482 - org.apache.skywalking.oap.server.starter.config.ApplicationConfigLoader - 185 [main] INFO  [] - Remove module cilium-fetcher without any provider
2025-04-07 22:02:38,483 - org.apache.skywalking.oap.server.starter.config.ApplicationConfigLoader - 185 [main] INFO  [] - Remove module receiver-zipkin without any provider
2025-04-07 22:02:38,483 - org.apache.skywalking.oap.server.starter.config.ApplicationConfigLoader - 185 [main] INFO  [] - Remove module query-zipkin without any provider
2025-04-07 22:02:38,483 - org.apache.skywalking.oap.server.starter.config.ApplicationConfigLoader - 185 [main] INFO  [] - Remove module exporter without any provider
2025-04-07 22:02:38,484 - org.apache.skywalking.oap.server.starter.config.ApplicationConfigLoader - 185 [main] INFO  [] - Remove module health-checker without any provider
2025-04-07 22:02:38,485 - org.apache.skywalking.oap.server.starter.config.ApplicationConfigLoader - 78 [main] INFO  [] - Get a module define from application.yml, module name: cluster
2025-04-07 22:02:38,486 - org.apache.skywalking.oap.server.starter.config.ApplicationConfigLoader - 82 [main] INFO  [] - Get a provider define belong to cluster module, provider name: standalone
2025-04-07 22:02:38,486 - org.apache.skywalking.oap.server.starter.config.ApplicationConfigLoader - 78 [main] INFO  [] - Get a module define from application.yml, module name: core
2025-04-07 22:02:38,487 - org.apache.skywalking.oap.server.starter.config.ApplicationConfigLoader - 82 [main] INFO  [] - Get a provider define belong to core module, provider name: default
2025-04-07 22:02:38,493 - org.apache.skywalking.oap.server.starter.config.ApplicationConfigLoader - 78 [main] INFO  [] - Get a module define from application.yml, module name: storage
2025-04-07 22:02:38,493 - org.apache.skywalking.oap.server.starter.config.ApplicationConfigLoader - 82 [main] INFO  [] - Get a provider define belong to storage module, provider name: mysql
2025-04-07 22:02:38,495 - org.apache.skywalking.oap.server.starter.config.ApplicationConfigLoader - 78 [main] INFO  [] - Get a module define from application.yml, module name: agent-analyzer
2025-04-07 22:02:38,495 - org.apache.skywalking.oap.server.starter.config.ApplicationConfigLoader - 82 [main] INFO  [] - Get a provider define belong to agent-analyzer module, provider name: default
2025-04-07 22:02:38,496 - org.apache.skywalking.oap.server.starter.config.ApplicationConfigLoader - 78 [main] INFO  [] - Get a module define from application.yml, module name: log-analyzer
2025-04-07 22:02:38,496 - org.apache.skywalking.oap.server.starter.config.ApplicationConfigLoader - 82 [main] INFO  [] - Get a provider define belong to log-analyzer module, provider name: default
2025-04-07 22:02:38,496 - org.apache.skywalking.oap.server.starter.config.ApplicationConfigLoader - 78 [main] INFO  [] - Get a module define from application.yml, module name: event-analyzer
2025-04-07 22:02:38,496 - org.apache.skywalking.oap.server.starter.config.ApplicationConfigLoader - 82 [main] INFO  [] - Get a provider define belong to event-analyzer module, provider name: default
2025-04-07 22:02:38,497 - org.apache.skywalking.oap.server.starter.config.ApplicationConfigLoader - 78 [main] INFO  [] - Get a module define from application.yml, module name: receiver-sharing-server
2025-04-07 22:02:38,497 - org.apache.skywalking.oap.server.starter.config.ApplicationConfigLoader - 82 [main] INFO  [] - Get a provider define belong to receiver-sharing-server module, provider name: default
2025-04-07 22:02:38,498 - org.apache.skywalking.oap.server.starter.config.ApplicationConfigLoader - 78 [main] INFO  [] - Get a module define from application.yml, module name: receiver-register
2025-04-07 22:02:38,498 - org.apache.skywalking.oap.server.starter.config.ApplicationConfigLoader - 82 [main] INFO  [] - Get a provider define belong to receiver-register module, provider name: default
2025-04-07 22:02:38,498 - org.apache.skywalking.oap.server.starter.config.ApplicationConfigLoader - 78 [main] INFO  [] - Get a module define from application.yml, module name: receiver-trace
2025-04-07 22:02:38,498 - org.apache.skywalking.oap.server.starter.config.ApplicationConfigLoader - 82 [main] INFO  [] - Get a provider define belong to receiver-trace module, provider name: default
2025-04-07 22:02:38,498 - org.apache.skywalking.oap.server.starter.config.ApplicationConfigLoader - 78 [main] INFO  [] - Get a module define from application.yml, module name: receiver-jvm
2025-04-07 22:02:38,499 - org.apache.skywalking.oap.server.starter.config.ApplicationConfigLoader - 82 [main] INFO  [] - Get a provider define belong to receiver-jvm module, provider name: default
2025-04-07 22:02:38,499 - org.apache.skywalking.oap.server.starter.config.ApplicationConfigLoader - 78 [main] INFO  [] - Get a module define from application.yml, module name: receiver-clr
2025-04-07 22:02:38,499 - org.apache.skywalking.oap.server.starter.config.ApplicationConfigLoader - 82 [main] INFO  [] - Get a provider define belong to receiver-clr module, provider name: default
2025-04-07 22:02:38,499 - org.apache.skywalking.oap.server.starter.config.ApplicationConfigLoader - 78 [main] INFO  [] - Get a module define from application.yml, module name: receiver-profile
2025-04-07 22:02:38,499 - org.apache.skywalking.oap.server.starter.config.ApplicationConfigLoader - 82 [main] INFO  [] - Get a provider define belong to receiver-profile module, provider name: default
2025-04-07 22:02:38,499 - org.apache.skywalking.oap.server.starter.config.ApplicationConfigLoader - 78 [main] INFO  [] - Get a module define from application.yml, module name: service-mesh
2025-04-07 22:02:38,499 - org.apache.skywalking.oap.server.starter.config.ApplicationConfigLoader - 82 [main] INFO  [] - Get a provider define belong to service-mesh module, provider name: default
2025-04-07 22:02:38,500 - org.apache.skywalking.oap.server.starter.config.ApplicationConfigLoader - 78 [main] INFO  [] - Get a module define from application.yml, module name: envoy-metric
2025-04-07 22:02:38,500 - org.apache.skywalking.oap.server.starter.config.ApplicationConfigLoader - 82 [main] INFO  [] - Get a provider define belong to envoy-metric module, provider name: default
2025-04-07 22:02:38,500 - org.apache.skywalking.oap.server.starter.config.ApplicationConfigLoader - 78 [main] INFO  [] - Get a module define from application.yml, module name: receiver-meter
2025-04-07 22:02:38,500 - org.apache.skywalking.oap.server.starter.config.ApplicationConfigLoader - 82 [main] INFO  [] - Get a provider define belong to receiver-meter module, provider name: default
2025-04-07 22:02:38,501 - org.apache.skywalking.oap.server.starter.config.ApplicationConfigLoader - 78 [main] INFO  [] - Get a module define from application.yml, module name: receiver-otel
2025-04-07 22:02:38,501 - org.apache.skywalking.oap.server.starter.config.ApplicationConfigLoader - 82 [main] INFO  [] - Get a provider define belong to receiver-otel module, provider name: default
2025-04-07 22:02:38,501 - org.apache.skywalking.oap.server.starter.config.ApplicationConfigLoader - 78 [main] INFO  [] - Get a module define from application.yml, module name: receiver-browser
2025-04-07 22:02:38,501 - org.apache.skywalking.oap.server.starter.config.ApplicationConfigLoader - 82 [main] INFO  [] - Get a provider define belong to receiver-browser module, provider name: default
2025-04-07 22:02:38,501 - org.apache.skywalking.oap.server.starter.config.ApplicationConfigLoader - 78 [main] INFO  [] - Get a module define from application.yml, module name: receiver-log
2025-04-07 22:02:38,501 - org.apache.skywalking.oap.server.starter.config.ApplicationConfigLoader - 82 [main] INFO  [] - Get a provider define belong to receiver-log module, provider name: default
2025-04-07 22:02:38,501 - org.apache.skywalking.oap.server.starter.config.ApplicationConfigLoader - 78 [main] INFO  [] - Get a module define from application.yml, module name: query
2025-04-07 22:02:38,501 - org.apache.skywalking.oap.server.starter.config.ApplicationConfigLoader - 82 [main] INFO  [] - Get a provider define belong to query module, provider name: graphql
2025-04-07 22:02:38,502 - org.apache.skywalking.oap.server.starter.config.ApplicationConfigLoader - 78 [main] INFO  [] - Get a module define from application.yml, module name: promql
2025-04-07 22:02:38,502 - org.apache.skywalking.oap.server.starter.config.ApplicationConfigLoader - 82 [main] INFO  [] - Get a provider define belong to promql module, provider name: default
2025-04-07 22:02:38,502 - org.apache.skywalking.oap.server.starter.config.ApplicationConfigLoader - 78 [main] INFO  [] - Get a module define from application.yml, module name: logql
2025-04-07 22:02:38,502 - org.apache.skywalking.oap.server.starter.config.ApplicationConfigLoader - 82 [main] INFO  [] - Get a provider define belong to logql module, provider name: default
2025-04-07 22:02:38,503 - org.apache.skywalking.oap.server.starter.config.ApplicationConfigLoader - 78 [main] INFO  [] - Get a module define from application.yml, module name: alarm
2025-04-07 22:02:38,503 - org.apache.skywalking.oap.server.starter.config.ApplicationConfigLoader - 82 [main] INFO  [] - Get a provider define belong to alarm module, provider name: default
2025-04-07 22:02:38,503 - org.apache.skywalking.oap.server.starter.config.ApplicationConfigLoader - 78 [main] INFO  [] - Get a module define from application.yml, module name: telemetry
2025-04-07 22:02:38,503 - org.apache.skywalking.oap.server.starter.config.ApplicationConfigLoader - 82 [main] INFO  [] - Get a provider define belong to telemetry module, provider name: none
2025-04-07 22:02:38,503 - org.apache.skywalking.oap.server.starter.config.ApplicationConfigLoader - 78 [main] INFO  [] - Get a module define from application.yml, module name: configuration
2025-04-07 22:02:38,503 - org.apache.skywalking.oap.server.starter.config.ApplicationConfigLoader - 82 [main] INFO  [] - Get a provider define belong to configuration module, provider name: none
2025-04-07 22:02:38,503 - org.apache.skywalking.oap.server.starter.config.ApplicationConfigLoader - 78 [main] INFO  [] - Get a module define from application.yml, module name: debugging-query
2025-04-07 22:02:38,503 - org.apache.skywalking.oap.server.starter.config.ApplicationConfigLoader - 82 [main] INFO  [] - Get a provider define belong to debugging-query module, provider name: default
2025-04-07 22:02:38,503 - org.apache.skywalking.oap.server.starter.config.ApplicationConfigLoader - 78 [main] INFO  [] - Get a module define from application.yml, module name: configuration-discovery
2025-04-07 22:02:38,503 - org.apache.skywalking.oap.server.starter.config.ApplicationConfigLoader - 82 [main] INFO  [] - Get a provider define belong to configuration-discovery module, provider name: default
2025-04-07 22:02:38,504 - org.apache.skywalking.oap.server.starter.config.ApplicationConfigLoader - 78 [main] INFO  [] - Get a module define from application.yml, module name: receiver-event
2025-04-07 22:02:38,504 - org.apache.skywalking.oap.server.starter.config.ApplicationConfigLoader - 82 [main] INFO  [] - Get a provider define belong to receiver-event module, provider name: default
2025-04-07 22:02:38,504 - org.apache.skywalking.oap.server.starter.config.ApplicationConfigLoader - 78 [main] INFO  [] - Get a module define from application.yml, module name: receiver-ebpf
2025-04-07 22:02:38,504 - org.apache.skywalking.oap.server.starter.config.ApplicationConfigLoader - 82 [main] INFO  [] - Get a provider define belong to receiver-ebpf module, provider name: default
2025-04-07 22:02:38,504 - org.apache.skywalking.oap.server.starter.config.ApplicationConfigLoader - 78 [main] INFO  [] - Get a module define from application.yml, module name: receiver-telegraf
2025-04-07 22:02:38,505 - org.apache.skywalking.oap.server.starter.config.ApplicationConfigLoader - 82 [main] INFO  [] - Get a provider define belong to receiver-telegraf module, provider name: default
2025-04-07 22:02:38,505 - org.apache.skywalking.oap.server.starter.config.ApplicationConfigLoader - 78 [main] INFO  [] - Get a module define from application.yml, module name: aws-firehose
2025-04-07 22:02:38,505 - org.apache.skywalking.oap.server.starter.config.ApplicationConfigLoader - 82 [main] INFO  [] - Get a provider define belong to aws-firehose module, provider name: default
2025-04-07 22:02:38,505 - org.apache.skywalking.oap.server.starter.config.ApplicationConfigLoader - 126 [main] INFO  [] - Provider=default config=firehoseAccessKey has been set as an empty string
2025-04-07 22:02:38,505 - org.apache.skywalking.oap.server.starter.config.ApplicationConfigLoader - 126 [main] INFO  [] - Provider=default config=tlsKeyPath has been set as an empty string
2025-04-07 22:02:38,505 - org.apache.skywalking.oap.server.starter.config.ApplicationConfigLoader - 126 [main] INFO  [] - Provider=default config=tlsCertChainPath has been set as an empty string
2025-04-07 22:02:38,506 - org.apache.skywalking.oap.server.starter.config.ApplicationConfigLoader - 78 [main] INFO  [] - Get a module define from application.yml, module name: ai-pipeline
2025-04-07 22:02:38,506 - org.apache.skywalking.oap.server.starter.config.ApplicationConfigLoader - 82 [main] INFO  [] - Get a provider define belong to ai-pipeline module, provider name: default
2025-04-07 22:02:38,506 - org.apache.skywalking.oap.server.starter.config.ApplicationConfigLoader - 126 [main] INFO  [] - Provider=default config=uriRecognitionServerAddr has been set as an empty string
2025-04-07 22:02:38,628 - org.apache.skywalking.oap.server.library.module.ModuleDefine - 94 [main] INFO  [] - Prepare the default provider in agent-analyzer module.
2025-04-07 22:02:38,632 - org.apache.skywalking.oap.server.analyzer.provider.trace.UninstrumentedGatewaysConfig - 56 [main] INFO  [] - Default configured gateways: null
2025-04-07 22:02:38,632 - org.apache.skywalking.oap.server.analyzer.provider.trace.UninstrumentedGatewaysConfig - 83 [main] INFO  [] - Updating uninstrumented gateways with: null
2025-04-07 22:02:38,634 - org.apache.skywalking.oap.server.analyzer.provider.trace.TraceSamplingPolicyWatcher - 133 [main] INFO  [] - [trace-sampling-policy] use trace-sample-policy in static file : SamplingPolicySettings(defaultPolicy=SamplingPolicy(rate=10000, duration=-1), services={})
2025-04-07 22:02:38,668 - org.apache.skywalking.oap.server.library.module.ModuleDefine - 94 [main] INFO  [] - Prepare the default provider in ai-pipeline module.
2025-04-07 22:02:38,671 - org.apache.skywalking.oap.server.library.module.ModuleDefine - 94 [main] INFO  [] - Prepare the default provider in aws-firehose module.
2025-04-07 22:02:38,717 - com.linecorp.armeria.common.Flags - 1717 [main] INFO  [] - verboseExceptions: rate-limit=10 (default)
2025-04-07 22:02:38,850 - com.linecorp.armeria.common.Flags - 1717 [main] INFO  [] - useEpoll: false (default)
2025-04-07 22:02:38,866 - com.linecorp.armeria.common.Flags - 1717 [main] INFO  [] - annotatedServiceExceptionVerbosity: unhandled (default)
2025-04-07 22:02:39,226 - com.linecorp.armeria.common.Flags - 630 [main] INFO  [] - Using Tls engine: OpenSSL BoringSSL, 0x1010107f
2025-04-07 22:02:39,670 - com.linecorp.armeria.server.docs.DocStringExtractor - 134 [main] INFO  [] - Using com.linecorp.armeria.grpc.descriptorDir: META-INF/armeria/grpc
2025-04-07 22:02:39,852 - org.apache.skywalking.oap.server.library.server.http.HTTPServer - 98 [main] INFO  [] - Server root context path: /
2025-04-07 22:02:39,854 - org.apache.skywalking.oap.server.library.module.ModuleDefine - 94 [main] INFO  [] - Prepare the none provider in configuration module.
2025-04-07 22:02:39,854 - org.apache.skywalking.oap.server.library.module.ModuleDefine - 94 [main] INFO  [] - Prepare the default provider in configuration-discovery module.
2025-04-07 22:02:39,863 - org.apache.skywalking.oap.server.library.module.ModuleDefine - 94 [main] INFO  [] - Prepare the default provider in debugging-query module.
2025-04-07 22:02:39,863 - org.apache.skywalking.oap.server.library.module.ModuleDefine - 94 [main] INFO  [] - Prepare the default provider in envoy-metric module.
2025-04-07 22:02:39,870 - org.apache.skywalking.oap.server.library.module.ModuleDefine - 94 [main] INFO  [] - Prepare the default provider in event-analyzer module.
2025-04-07 22:02:39,871 - org.apache.skywalking.oap.server.library.module.ModuleDefine - 94 [main] INFO  [] - Prepare the default provider in log-analyzer module.
2025-04-07 22:02:39,873 - org.apache.skywalking.oap.server.library.module.ModuleDefine - 94 [main] INFO  [] - Prepare the default provider in logql module.
2025-04-07 22:02:39,874 - org.apache.skywalking.oap.server.library.module.ModuleDefine - 94 [main] INFO  [] - Prepare the default provider in receiver-otel module.
2025-04-07 22:02:39,895 - org.apache.skywalking.oap.server.library.module.ModuleDefine - 94 [main] INFO  [] - Prepare the default provider in promql module.
2025-04-07 22:02:39,897 - org.apache.skywalking.oap.server.library.module.ModuleDefine - 94 [main] INFO  [] - Prepare the mysql provider in storage module.
2025-04-07 22:02:39,956 - org.apache.skywalking.oap.server.library.module.ModuleDefine - 94 [main] INFO  [] - Prepare the standalone provider in cluster module.
2025-04-07 22:02:39,957 - org.apache.skywalking.oap.server.library.module.ModuleDefine - 94 [main] INFO  [] - Prepare the default provider in core module.
2025-04-07 22:02:41,131 - org.apache.skywalking.oap.server.library.server.http.HTTPServer - 98 [main] INFO  [] - Server root context path: /
2025-04-07 22:02:41,731 - org.apache.skywalking.oap.server.library.module.ModuleDefine - 94 [main] INFO  [] - Prepare the graphql provider in query module.
2025-04-07 22:02:41,753 - org.apache.skywalking.oap.server.library.module.ModuleDefine - 94 [main] INFO  [] - Prepare the default provider in alarm module.
2025-04-07 22:02:41,756 - org.apache.skywalking.oap.server.core.alarm.provider.AlarmRulesWatcher - 134 [main] INFO  [] - Update alarm rules to Rules(rules=[], webhookSettingsMap={}, grpcAlarmSettingMap={}, slackSettingsMap={}, wechatSettingsMap={}, dingtalkSettingsMap={}, feishuSettingsMap={}, weLinkSettingsMap={}, pagerDutySettingsMap={}, discordSettingsMap={})
2025-04-07 22:02:41,758 - org.apache.skywalking.oap.server.library.module.ModuleDefine - 94 [main] INFO  [] - Prepare the default provider in receiver-browser module.
2025-04-07 22:02:41,760 - org.apache.skywalking.oap.server.library.module.ModuleDefine - 94 [main] INFO  [] - Prepare the default provider in receiver-clr module.
2025-04-07 22:02:41,760 - org.apache.skywalking.oap.server.library.module.ModuleDefine - 94 [main] INFO  [] - Prepare the default provider in receiver-ebpf module.
2025-04-07 22:02:41,761 - org.apache.skywalking.oap.server.library.module.ModuleDefine - 94 [main] INFO  [] - Prepare the default provider in receiver-event module.
2025-04-07 22:02:41,761 - org.apache.skywalking.oap.server.library.module.ModuleDefine - 94 [main] INFO  [] - Prepare the default provider in receiver-jvm module.
2025-04-07 22:02:41,761 - org.apache.skywalking.oap.server.library.module.ModuleDefine - 94 [main] INFO  [] - Prepare the default provider in receiver-log module.
2025-04-07 22:02:41,762 - org.apache.skywalking.oap.server.library.module.ModuleDefine - 94 [main] INFO  [] - Prepare the default provider in receiver-register module.
2025-04-07 22:02:41,763 - org.apache.skywalking.oap.server.library.module.ModuleDefine - 94 [main] INFO  [] - Prepare the default provider in service-mesh module.
2025-04-07 22:02:41,763 - org.apache.skywalking.oap.server.library.module.ModuleDefine - 94 [main] INFO  [] - Prepare the default provider in receiver-meter module.
2025-04-07 22:02:41,764 - org.apache.skywalking.oap.server.library.module.ModuleDefine - 94 [main] INFO  [] - Prepare the default provider in receiver-profile module.
2025-04-07 22:02:41,764 - org.apache.skywalking.oap.server.library.module.ModuleDefine - 94 [main] INFO  [] - Prepare the default provider in receiver-sharing-server module.
2025-04-07 22:02:41,765 - org.apache.skywalking.oap.server.library.module.ModuleDefine - 94 [main] INFO  [] - Prepare the default provider in receiver-telegraf module.
2025-04-07 22:02:41,772 - org.apache.skywalking.oap.server.library.module.ModuleDefine - 94 [main] INFO  [] - Prepare the default provider in receiver-trace module.
2025-04-07 22:02:41,773 - org.apache.skywalking.oap.server.library.module.ModuleDefine - 94 [main] INFO  [] - Prepare the none provider in telemetry module.
2025-04-07 22:02:41,774 - org.apache.skywalking.oap.server.library.module.BootstrapFlow - 43 [main] INFO  [] - start the provider standalone in cluster module.
2025-04-07 22:02:41,775 - org.apache.skywalking.oap.server.library.module.BootstrapFlow - 43 [main] INFO  [] - start the provider none in configuration module.
2025-04-07 22:02:41,775 - org.apache.skywalking.oap.server.library.module.BootstrapFlow - 43 [main] INFO  [] - start the provider default in ai-pipeline module.
2025-04-07 22:02:41,775 - org.apache.skywalking.oap.server.library.module.BootstrapFlow - 43 [main] INFO  [] - start the provider graphql in query module.
2025-04-07 22:02:42,625 - graphql.kickstart.tools.SchemaClassScanner - 183 [main] WARN  [] - Schema type was defined but can never be accessed, and can be safely deleted: ProfiledSegment
2025-04-07 22:02:42,889 - org.apache.skywalking.oap.server.library.server.http.HTTPServer - 107 [main] INFO  [] - Bind handler GraphQLQueryHandler into http server 0.0.0.0:12800
2025-04-07 22:02:42,891 - org.apache.skywalking.oap.server.library.module.BootstrapFlow - 43 [main] INFO  [] - start the provider none in telemetry module.
2025-04-07 22:02:42,891 - org.apache.skywalking.oap.server.library.module.BootstrapFlow - 43 [main] INFO  [] - start the provider default in core module.
2025-04-07 22:02:43,097 - org.apache.skywalking.oap.server.core.analysis.DispatcherManager - 117 [main] INFO  [] - Dispatcher org.apache.skywalking.oap.server.core.analysis.manual.cache.CacheSlowAccessDispatcher is added into DefaultScopeDefine 56.
2025-04-07 22:02:43,098 - org.apache.skywalking.oap.server.core.analysis.DispatcherManager - 117 [main] INFO  [] - Dispatcher org.apache.skywalking.oap.server.core.analysis.manual.database.DatabaseStatementDispatcher is added into DefaultScopeDefine 18.
2025-04-07 22:02:43,100 - org.apache.skywalking.oap.server.core.analysis.DispatcherManager - 117 [main] INFO  [] - Dispatcher org.apache.skywalking.oap.server.core.analysis.manual.endpoint.EndpointMetaDispatcher is added into DefaultScopeDefine 42.
2025-04-07 22:02:43,101 - org.apache.skywalking.oap.server.core.analysis.DispatcherManager - 117 [main] INFO  [] - Dispatcher org.apache.skywalking.oap.server.core.analysis.manual.endpoint.EndpointTrafficDispatcher is added into DefaultScopeDefine 3.
2025-04-07 22:02:43,102 - org.apache.skywalking.oap.server.core.analysis.DispatcherManager - 117 [main] INFO  [] - Dispatcher org.apache.skywalking.oap.server.core.analysis.manual.endpoint.HubbleEndpointDispatcher is added into DefaultScopeDefine 82.
2025-04-07 22:02:43,104 - org.apache.skywalking.oap.server.core.analysis.DispatcherManager - 117 [main] INFO  [] - Dispatcher org.apache.skywalking.oap.server.core.analysis.manual.endpoint.K8SEndpointTrafficDispatcher is added into DefaultScopeDefine 76.
2025-04-07 22:02:43,104 - org.apache.skywalking.oap.server.core.analysis.DispatcherManager - 117 [main] INFO  [] - Dispatcher org.apache.skywalking.oap.server.core.analysis.manual.instance.HubbleInstanceTrafficDispatcher is added into DefaultScopeDefine 79.
2025-04-07 22:02:43,105 - org.apache.skywalking.oap.server.core.analysis.DispatcherManager - 117 [main] INFO  [] - Dispatcher org.apache.skywalking.oap.server.core.analysis.manual.instance.InstanceTrafficDispatcher is added into DefaultScopeDefine 2.
2025-04-07 22:02:43,105 - org.apache.skywalking.oap.server.core.analysis.DispatcherManager - 117 [main] INFO  [] - Dispatcher org.apache.skywalking.oap.server.core.analysis.manual.instance.InstanceUpdateDispatcher is added into DefaultScopeDefine 30.
2025-04-07 22:02:43,105 - org.apache.skywalking.oap.server.core.analysis.DispatcherManager - 117 [main] INFO  [] - Dispatcher org.apache.skywalking.oap.server.core.analysis.manual.instance.K8SInstanceTrafficDispatcher is added into DefaultScopeDefine 73.
2025-04-07 22:02:43,105 - org.apache.skywalking.oap.server.core.analysis.DispatcherManager - 117 [main] INFO  [] - Dispatcher org.apache.skywalking.oap.server.core.analysis.manual.instance.TCPInstanceTrafficDispatcher is added into DefaultScopeDefine 58.
2025-04-07 22:02:43,105 - org.apache.skywalking.oap.server.core.analysis.DispatcherManager - 117 [main] INFO  [] - Dispatcher org.apache.skywalking.oap.server.core.analysis.manual.instance.TCPInstanceUpdateDispatcher is added into DefaultScopeDefine 61.
2025-04-07 22:02:43,105 - org.apache.skywalking.oap.server.core.analysis.DispatcherManager - 117 [main] INFO  [] - Dispatcher org.apache.skywalking.oap.server.core.analysis.manual.log.LogRecordDispatcher is added into DefaultScopeDefine 41.
2025-04-07 22:02:43,105 - org.apache.skywalking.oap.server.core.analysis.DispatcherManager - 117 [main] INFO  [] - Dispatcher org.apache.skywalking.oap.server.core.analysis.manual.networkalias.NetworkAddressAliasSetupDispatcher is added into DefaultScopeDefine 31.
2025-04-07 22:02:43,106 - org.apache.skywalking.oap.server.core.analysis.DispatcherManager - 117 [main] INFO  [] - Dispatcher org.apache.skywalking.oap.server.core.analysis.manual.process.ProcessDispatcher is added into DefaultScopeDefine 45.
2025-04-07 22:02:43,106 - org.apache.skywalking.oap.server.core.analysis.DispatcherManager - 117 [main] INFO  [] - Dispatcher org.apache.skywalking.oap.server.core.analysis.manual.process.ProcessLabelDispatcher is added into DefaultScopeDefine 49.
2025-04-07 22:02:43,106 - org.apache.skywalking.oap.server.core.analysis.DispatcherManager - 117 [main] INFO  [] - Dispatcher org.apache.skywalking.oap.server.core.analysis.manual.relation.endpoint.EndpointCallRelationDispatcher is added into DefaultScopeDefine 6.
2025-04-07 22:02:43,107 - org.apache.skywalking.oap.server.core.analysis.DispatcherManager - 117 [main] INFO  [] - Dispatcher org.apache.skywalking.oap.server.core.analysis.manual.relation.endpoint.HubbleEndpointCallRelationDispatcher is added into DefaultScopeDefine 83.
2025-04-07 22:02:43,107 - org.apache.skywalking.oap.server.core.analysis.DispatcherManager - 117 [main] INFO  [] - Dispatcher org.apache.skywalking.oap.server.core.analysis.manual.relation.instance.HubbleServiceInstanceCallRelationDispatcher is added into DefaultScopeDefine 81.
2025-04-07 22:02:43,107 - org.apache.skywalking.oap.server.core.analysis.DispatcherManager - 117 [main] INFO  [] - Dispatcher org.apache.skywalking.oap.server.core.analysis.manual.relation.instance.K8SServiceInstanceCallRelationDispatcher is added into DefaultScopeDefine 75.
2025-04-07 22:02:43,107 - org.apache.skywalking.oap.server.core.analysis.DispatcherManager - 117 [main] INFO  [] - Dispatcher org.apache.skywalking.oap.server.core.analysis.manual.relation.instance.ServiceInstanceCallRelationDispatcher is added into DefaultScopeDefine 5.
2025-04-07 22:02:43,108 - org.apache.skywalking.oap.server.core.analysis.DispatcherManager - 117 [main] INFO  [] - Dispatcher org.apache.skywalking.oap.server.core.analysis.manual.relation.instance.TCPServiceInstanceCallRelationDispatcher is added into DefaultScopeDefine 60.
2025-04-07 22:02:43,108 - org.apache.skywalking.oap.server.core.analysis.DispatcherManager - 117 [main] INFO  [] - Dispatcher org.apache.skywalking.oap.server.core.analysis.manual.relation.process.ProcessRelationDispatcher is added into DefaultScopeDefine 54.
2025-04-07 22:02:43,108 - org.apache.skywalking.oap.server.core.analysis.DispatcherManager - 117 [main] INFO  [] - Dispatcher org.apache.skywalking.oap.server.core.analysis.manual.relation.service.HubbleServiceCallRelationDispatcher is added into DefaultScopeDefine 80.
2025-04-07 22:02:43,108 - org.apache.skywalking.oap.server.core.analysis.DispatcherManager - 117 [main] INFO  [] - Dispatcher org.apache.skywalking.oap.server.core.analysis.manual.relation.service.K8SServiceCallRelationDispatcher is added into DefaultScopeDefine 74.
2025-04-07 22:02:43,109 - org.apache.skywalking.oap.server.core.analysis.DispatcherManager - 117 [main] INFO  [] - Dispatcher org.apache.skywalking.oap.server.core.analysis.manual.relation.service.ServiceCallRelationDispatcher is added into DefaultScopeDefine 4.
2025-04-07 22:02:43,109 - org.apache.skywalking.oap.server.core.analysis.DispatcherManager - 117 [main] INFO  [] - Dispatcher org.apache.skywalking.oap.server.core.analysis.manual.relation.service.TCPServiceCallRelationDispatcher is added into DefaultScopeDefine 59.
2025-04-07 22:02:43,109 - org.apache.skywalking.oap.server.core.analysis.DispatcherManager - 117 [main] INFO  [] - Dispatcher org.apache.skywalking.oap.server.core.analysis.manual.searchtag.TagAutocompleteDispatcher is added into DefaultScopeDefine 50.
2025-04-07 22:02:43,109 - org.apache.skywalking.oap.server.core.analysis.DispatcherManager - 117 [main] INFO  [] - Dispatcher org.apache.skywalking.oap.server.core.analysis.manual.segment.SegmentDispatcher is added into DefaultScopeDefine 12.
2025-04-07 22:02:43,109 - org.apache.skywalking.oap.server.core.analysis.DispatcherManager - 117 [main] INFO  [] - Dispatcher org.apache.skywalking.oap.server.core.analysis.manual.service.HubbleServiceTrafficDispatcher is added into DefaultScopeDefine 78.
2025-04-07 22:02:43,109 - org.apache.skywalking.oap.server.core.analysis.DispatcherManager - 117 [main] INFO  [] - Dispatcher org.apache.skywalking.oap.server.core.analysis.manual.service.K8SServiceTrafficDispatcher is added into DefaultScopeDefine 72.
2025-04-07 22:02:43,109 - org.apache.skywalking.oap.server.core.analysis.DispatcherManager - 117 [main] INFO  [] - Dispatcher org.apache.skywalking.oap.server.core.analysis.manual.service.ServiceMetaDispatcher is added into DefaultScopeDefine 29.
2025-04-07 22:02:43,109 - org.apache.skywalking.oap.server.core.analysis.DispatcherManager - 117 [main] INFO  [] - Dispatcher org.apache.skywalking.oap.server.core.analysis.manual.service.ServiceTrafficDispatcher is added into DefaultScopeDefine 1.
2025-04-07 22:02:43,110 - org.apache.skywalking.oap.server.core.analysis.DispatcherManager - 117 [main] INFO  [] - Dispatcher org.apache.skywalking.oap.server.core.analysis.manual.service.TCPServiceTrafficDispatcher is added into DefaultScopeDefine 57.
2025-04-07 22:02:43,110 - org.apache.skywalking.oap.server.core.analysis.DispatcherManager - 117 [main] INFO  [] - Dispatcher org.apache.skywalking.oap.server.core.browser.manual.endpoint.BrowserAppPageTrafficDispatcher is added into DefaultScopeDefine 40.
2025-04-07 22:02:43,110 - org.apache.skywalking.oap.server.core.analysis.DispatcherManager - 117 [main] INFO  [] - Dispatcher org.apache.skywalking.oap.server.core.browser.manual.errorlog.BrowserErrorLogRecordDispatcher is added into DefaultScopeDefine 34.
2025-04-07 22:02:43,110 - org.apache.skywalking.oap.server.core.analysis.DispatcherManager - 117 [main] INFO  [] - Dispatcher org.apache.skywalking.oap.server.core.browser.manual.instance.BrowserAppSingleVersionTrafficDispatcher is added into DefaultScopeDefine 39.
2025-04-07 22:02:43,110 - org.apache.skywalking.oap.server.core.analysis.DispatcherManager - 117 [main] INFO  [] - Dispatcher org.apache.skywalking.oap.server.core.browser.manual.service.BrowserAppTrafficDispatcher is added into DefaultScopeDefine 38.
2025-04-07 22:02:43,111 - org.apache.skywalking.oap.server.core.analysis.DispatcherManager - 117 [main] INFO  [] - Dispatcher org.apache.skywalking.oap.server.core.hierarchy.instance.InstanceHierarchyTrafficRelationDispatcher is added into DefaultScopeDefine 71.
2025-04-07 22:02:43,111 - org.apache.skywalking.oap.server.core.analysis.DispatcherManager - 117 [main] INFO  [] - Dispatcher org.apache.skywalking.oap.server.core.hierarchy.service.ServiceHierarchyTrafficRelationDispatcher is added into DefaultScopeDefine 70.
2025-04-07 22:02:43,111 - org.apache.skywalking.oap.server.core.analysis.DispatcherManager - 117 [main] INFO  [] - Dispatcher org.apache.skywalking.oap.server.core.profiling.ebpf.storage.EBPFProcessProfilingDataDispatcher is added into DefaultScopeDefine 48.
2025-04-07 22:02:43,111 - org.apache.skywalking.oap.server.core.analysis.DispatcherManager - 117 [main] INFO  [] - Dispatcher org.apache.skywalking.oap.server.core.profiling.ebpf.storage.EBPFProcessProfilingScheduleDispatcher is added into DefaultScopeDefine 47.
2025-04-07 22:02:43,112 - org.apache.skywalking.oap.server.core.analysis.DispatcherManager - 117 [main] INFO  [] - Dispatcher org.apache.skywalking.oap.server.core.zipkin.dispatcher.ZipkinServiceDispatcher is added into DefaultScopeDefine 51.
2025-04-07 22:02:43,112 - org.apache.skywalking.oap.server.core.analysis.DispatcherManager - 117 [main] INFO  [] - Dispatcher org.apache.skywalking.oap.server.core.zipkin.dispatcher.ZipkinServiceRelationDispatcher is added into DefaultScopeDefine 53.
2025-04-07 22:02:43,112 - org.apache.skywalking.oap.server.core.analysis.DispatcherManager - 117 [main] INFO  [] - Dispatcher org.apache.skywalking.oap.server.core.zipkin.dispatcher.ZipkinServiceSpanDispatcher is added into DefaultScopeDefine 52.
2025-04-07 22:02:43,112 - org.apache.skywalking.oap.server.core.analysis.DispatcherManager - 117 [main] INFO  [] - Dispatcher org.apache.skywalking.oap.server.core.zipkin.dispatcher.ZipkinSpanRecordDispatcher is added into DefaultScopeDefine 23.
2025-04-07 22:02:43,256 - org.apache.skywalking.oap.server.library.module.BootstrapFlow - 43 [main] INFO  [] - start the provider default in agent-analyzer module.
2025-04-07 22:02:43,972 - org.apache.skywalking.oap.server.core.analysis.DispatcherManager - 117 [main] INFO  [] - Dispatcher org.apache.skywalking.oap.server.core.source.oal.rt.dispatcher.MQEndpointAccessDispatcher is added into DefaultScopeDefine 64.
2025-04-07 22:02:43,972 - org.apache.skywalking.oap.server.core.analysis.DispatcherManager - 117 [main] INFO  [] - Dispatcher org.apache.skywalking.oap.server.core.source.oal.rt.dispatcher.EndpointRelationDispatcher is added into DefaultScopeDefine 6.
2025-04-07 22:02:43,972 - org.apache.skywalking.oap.server.core.analysis.DispatcherManager - 117 [main] INFO  [] - Dispatcher org.apache.skywalking.oap.server.core.source.oal.rt.dispatcher.ServiceRelationDispatcher is added into DefaultScopeDefine 4.
2025-04-07 22:02:43,972 - org.apache.skywalking.oap.server.core.analysis.DispatcherManager - 117 [main] INFO  [] - Dispatcher org.apache.skywalking.oap.server.core.source.oal.rt.dispatcher.EndpointDispatcher is added into DefaultScopeDefine 3.
2025-04-07 22:02:43,972 - org.apache.skywalking.oap.server.core.analysis.DispatcherManager - 117 [main] INFO  [] - Dispatcher org.apache.skywalking.oap.server.core.source.oal.rt.dispatcher.DatabaseAccessDispatcher is added into DefaultScopeDefine 17.
2025-04-07 22:02:43,972 - org.apache.skywalking.oap.server.core.analysis.DispatcherManager - 117 [main] INFO  [] - Dispatcher org.apache.skywalking.oap.server.core.source.oal.rt.dispatcher.MQAccessDispatcher is added into DefaultScopeDefine 63.
2025-04-07 22:02:43,972 - org.apache.skywalking.oap.server.core.analysis.DispatcherManager - 117 [main] INFO  [] - Dispatcher org.apache.skywalking.oap.server.core.source.oal.rt.dispatcher.CacheAccessDispatcher is added into DefaultScopeDefine 55.
2025-04-07 22:02:43,972 - org.apache.skywalking.oap.server.core.analysis.DispatcherManager - 117 [main] INFO  [] - Dispatcher org.apache.skywalking.oap.server.core.source.oal.rt.dispatcher.ServiceInstanceDispatcher is added into DefaultScopeDefine 2.
2025-04-07 22:02:43,972 - org.apache.skywalking.oap.server.core.analysis.DispatcherManager - 117 [main] INFO  [] - Dispatcher org.apache.skywalking.oap.server.core.source.oal.rt.dispatcher.ServiceDispatcher is added into DefaultScopeDefine 1.
2025-04-07 22:02:43,972 - org.apache.skywalking.oap.server.core.analysis.DispatcherManager - 117 [main] INFO  [] - Dispatcher org.apache.skywalking.oap.server.core.source.oal.rt.dispatcher.ServiceInstanceRelationDispatcher is added into DefaultScopeDefine 5.
2025-04-07 22:02:44,205 - org.apache.skywalking.oap.server.starter.OAPServerBootstrap - 64 [main] ERROR [] - BUG! exception in phase 'semantic analysis' in source unit 'Script1.groovy' Unsupported class file major version 68
org.codehaus.groovy.GroovyBugError: BUG! exception in phase 'semantic analysis' in source unit 'Script1.groovy' Unsupported class file major version 68
	at org.codehaus.groovy.control.CompilationUnit$ISourceUnitOperation.doPhaseOperation(CompilationUnit.java:901) ~[groovy-4.0.15.jar:4.0.15]
	at org.codehaus.groovy.control.CompilationUnit.processPhaseOperations(CompilationUnit.java:692) ~[groovy-4.0.15.jar:4.0.15]
	at org.codehaus.groovy.control.CompilationUnit.compile(CompilationUnit.java:666) ~[groovy-4.0.15.jar:4.0.15]
	at groovy.lang.GroovyClassLoader.doParseClass(GroovyClassLoader.java:373) ~[groovy-4.0.15.jar:4.0.15]
	at groovy.lang.GroovyClassLoader.lambda$parseClass$2(GroovyClassLoader.java:316) ~[groovy-4.0.15.jar:4.0.15]
	at org.codehaus.groovy.runtime.memoize.StampedCommonCache.compute(StampedCommonCache.java:163) ~[groovy-4.0.15.jar:4.0.15]
	at org.codehaus.groovy.runtime.memoize.StampedCommonCache.getAndPut(StampedCommonCache.java:154) ~[groovy-4.0.15.jar:4.0.15]
	at groovy.lang.GroovyClassLoader.parseClass(GroovyClassLoader.java:314) ~[groovy-4.0.15.jar:4.0.15]
	at groovy.lang.GroovyShell.parseClass(GroovyShell.java:572) ~[groovy-4.0.15.jar:4.0.15]
	at groovy.lang.GroovyShell.parse(GroovyShell.java:585) ~[groovy-4.0.15.jar:4.0.15]
	at groovy.lang.GroovyShell.parse(GroovyShell.java:639) ~[groovy-4.0.15.jar:4.0.15]
	at groovy.lang.GroovyShell.parse(GroovyShell.java:625) ~[groovy-4.0.15.jar:4.0.15]
	at groovy.lang.GroovyShell.parse(GroovyShell.java:634) ~[groovy-4.0.15.jar:4.0.15]
	at org.apache.skywalking.oap.meter.analyzer.dsl.DSL.parse(DSL.java:85) ~[meter-analyzer-10.1.0.jar:10.1.0]
	at org.apache.skywalking.oap.meter.analyzer.Analyzer.build(Analyzer.java:87) ~[meter-analyzer-10.1.0.jar:10.1.0]
	at org.apache.skywalking.oap.meter.analyzer.MetricConvert.buildAnalyzer(MetricConvert.java:74) ~[meter-analyzer-10.1.0.jar:10.1.0]
	at org.apache.skywalking.oap.meter.analyzer.MetricConvert.lambda$new$2(MetricConvert.java:61) ~[meter-analyzer-10.1.0.jar:10.1.0]
	at java.util.stream.ReferencePipeline$3$1.accept(ReferencePipeline.java:215) ~[?:?]
	at java.util.ArrayList$ArrayListSpliterator.forEachRemaining(ArrayList.java:1716) ~[?:?]
	at java.util.stream.AbstractPipeline.copyInto(AbstractPipeline.java:570) ~[?:?]
	at java.util.stream.AbstractPipeline.wrapAndCopyInto(AbstractPipeline.java:560) ~[?:?]
	at java.util.stream.ReduceOps$ReduceOp.evaluateSequential(ReduceOps.java:921) ~[?:?]
	at java.util.stream.AbstractPipeline.evaluate(AbstractPipeline.java:265) ~[?:?]
	at java.util.stream.ReferencePipeline.collect(ReferencePipeline.java:727) ~[?:?]
	at org.apache.skywalking.oap.meter.analyzer.MetricConvert.<init>(MetricConvert.java:67) ~[meter-analyzer-10.1.0.jar:10.1.0]
	at org.apache.skywalking.oap.server.analyzer.provider.meter.process.MeterProcessService.lambda$start$0(MeterProcessService.java:44) ~[agent-analyzer-10.1.0.jar:10.1.0]
	at java.util.stream.ReferencePipeline$3$1.accept(ReferencePipeline.java:215) ~[?:?]
	at java.util.ArrayList$ArrayListSpliterator.forEachRemaining(ArrayList.java:1716) ~[?:?]
	at java.util.stream.AbstractPipeline.copyInto(AbstractPipeline.java:570) ~[?:?]
	at java.util.stream.AbstractPipeline.wrapAndCopyInto(AbstractPipeline.java:560) ~[?:?]
	at java.util.stream.ReduceOps$ReduceOp.evaluateSequential(ReduceOps.java:921) ~[?:?]
	at java.util.stream.AbstractPipeline.evaluate(AbstractPipeline.java:265) ~[?:?]
	at java.util.stream.ReferencePipeline.collect(ReferencePipeline.java:727) ~[?:?]
	at org.apache.skywalking.oap.server.analyzer.provider.meter.process.MeterProcessService.start(MeterProcessService.java:44) ~[agent-analyzer-10.1.0.jar:10.1.0]
	at org.apache.skywalking.oap.server.analyzer.provider.AnalyzerModuleProvider.start(AnalyzerModuleProvider.java:138) ~[agent-analyzer-10.1.0.jar:10.1.0]
	at org.apache.skywalking.oap.server.library.module.BootstrapFlow.start(BootstrapFlow.java:46) ~[library-module-10.1.0.jar:10.1.0]
	at org.apache.skywalking.oap.server.library.module.ModuleManager.init(ModuleManager.java:75) ~[library-module-10.1.0.jar:10.1.0]
	at org.apache.skywalking.oap.server.starter.OAPServerBootstrap.start(OAPServerBootstrap.java:52) [server-starter-10.1.0.jar:10.1.0]
	at org.apache.skywalking.oap.server.starter.OAPServerStartUp.main(OAPServerStartUp.java:23) [server-starter-10.1.0.jar:10.1.0]
Caused by: java.lang.IllegalArgumentException: Unsupported class file major version 68
	at groovyjarjarasm.asm.ClassReader.<init>(ClassReader.java:199) ~[groovy-4.0.15.jar:4.0.15]
	at groovyjarjarasm.asm.ClassReader.<init>(ClassReader.java:180) ~[groovy-4.0.15.jar:4.0.15]
	at groovyjarjarasm.asm.ClassReader.<init>(ClassReader.java:166) ~[groovy-4.0.15.jar:4.0.15]
	at groovyjarjarasm.asm.ClassReader.<init>(ClassReader.java:287) ~[groovy-4.0.15.jar:4.0.15]
	at org.codehaus.groovy.ast.decompiled.AsmDecompiler.parseClass(AsmDecompiler.java:83) ~[groovy-4.0.15.jar:4.0.15]
	at org.codehaus.groovy.control.ClassNodeResolver.findDecompiled(ClassNodeResolver.java:255) ~[groovy-4.0.15.jar:4.0.15]
	at org.codehaus.groovy.control.ClassNodeResolver.tryAsLoaderClassOrScript(ClassNodeResolver.java:193) ~[groovy-4.0.15.jar:4.0.15]
	at org.codehaus.groovy.control.ClassNodeResolver.findClassNode(ClassNodeResolver.java:175) ~[groovy-4.0.15.jar:4.0.15]
	at org.codehaus.groovy.control.ClassNodeResolver.resolveName(ClassNodeResolver.java:129) ~[groovy-4.0.15.jar:4.0.15]
	at org.codehaus.groovy.ast.decompiled.AsmReferenceResolver.resolveClassNullable(AsmReferenceResolver.java:57) ~[groovy-4.0.15.jar:4.0.15]
	at org.codehaus.groovy.ast.decompiled.AsmReferenceResolver.resolveClass(AsmReferenceResolver.java:44) ~[groovy-4.0.15.jar:4.0.15]
	at org.codehaus.groovy.ast.decompiled.TypeSignatureParser.visitEnd(TypeSignatureParser.java:113) ~[groovy-4.0.15.jar:4.0.15]
	at groovyjarjarasm.asm.signature.SignatureReader.parseType(SignatureReader.java:206) ~[groovy-4.0.15.jar:4.0.15]
	at groovyjarjarasm.asm.signature.SignatureReader.accept(SignatureReader.java:122) ~[groovy-4.0.15.jar:4.0.15]
	at org.codehaus.groovy.ast.decompiled.ClassSignatureParser.parseClassSignature(ClassSignatureParser.java:111) ~[groovy-4.0.15.jar:4.0.15]
	at org.codehaus.groovy.ast.decompiled.ClassSignatureParser.configureClass(ClassSignatureParser.java:35) ~[groovy-4.0.15.jar:4.0.15]
	at org.codehaus.groovy.ast.decompiled.DecompiledClassNode.lazyInitSupers(DecompiledClassNode.java:189) ~[groovy-4.0.15.jar:4.0.15]
	at org.codehaus.groovy.ast.decompiled.DecompiledClassNode.getUnresolvedSuperClass(DecompiledClassNode.java:172) ~[groovy-4.0.15.jar:4.0.15]
	at org.codehaus.groovy.ast.ClassNode.getUnresolvedSuperClass(ClassNode.java:1043) ~[groovy-4.0.15.jar:4.0.15]
	at org.codehaus.groovy.ast.ClassNode.getSuperClass(ClassNode.java:1037) ~[groovy-4.0.15.jar:4.0.15]
	at org.codehaus.groovy.control.ResolveVisitor.transformPropertyExpression(ResolveVisitor.java:932) ~[groovy-4.0.15.jar:4.0.15]
	at org.codehaus.groovy.control.ResolveVisitor.transform(ResolveVisitor.java:793) ~[groovy-4.0.15.jar:4.0.15]
	at org.codehaus.groovy.ast.expr.Expression.transformExpressions(Expression.java:49) ~[groovy-4.0.15.jar:4.0.15]
	at org.codehaus.groovy.ast.expr.ArgumentListExpression.transformExpression(ArgumentListExpression.java:67) ~[groovy-4.0.15.jar:4.0.15]
	at org.codehaus.groovy.control.ResolveVisitor.transform(ResolveVisitor.java:808) ~[groovy-4.0.15.jar:4.0.15]
	at org.codehaus.groovy.control.ResolveVisitor.transformMethodCallExpression(ResolveVisitor.java:1139) ~[groovy-4.0.15.jar:4.0.15]
	at org.codehaus.groovy.control.ResolveVisitor.transform(ResolveVisitor.java:799) ~[groovy-4.0.15.jar:4.0.15]
	at org.codehaus.groovy.ast.ClassCodeExpressionTransformer.visitExpressionStatement(ClassCodeExpressionTransformer.java:129) ~[groovy-4.0.15.jar:4.0.15]
	at org.codehaus.groovy.ast.stmt.ExpressionStatement.visit(ExpressionStatement.java:41) ~[groovy-4.0.15.jar:4.0.15]
	at org.codehaus.groovy.ast.CodeVisitorSupport.visitBlockStatement(CodeVisitorSupport.java:86) ~[groovy-4.0.15.jar:4.0.15]
	at org.codehaus.groovy.ast.ClassCodeVisitorSupport.visitBlockStatement(ClassCodeVisitorSupport.java:168) ~[groovy-4.0.15.jar:4.0.15]
	at org.codehaus.groovy.control.ResolveVisitor.visitBlockStatement(ResolveVisitor.java:1388) ~[groovy-4.0.15.jar:4.0.15]
	at org.codehaus.groovy.ast.stmt.BlockStatement.visit(BlockStatement.java:72) ~[groovy-4.0.15.jar:4.0.15]
	at org.codehaus.groovy.ast.ClassCodeVisitorSupport.visitClassCodeContainer(ClassCodeVisitorSupport.java:142) ~[groovy-4.0.15.jar:4.0.15]
	at org.codehaus.groovy.ast.ClassCodeVisitorSupport.visitConstructorOrMethod(ClassCodeVisitorSupport.java:115) ~[groovy-4.0.15.jar:4.0.15]
	at org.codehaus.groovy.ast.ClassCodeExpressionTransformer.visitConstructorOrMethod(ClassCodeExpressionTransformer.java:87) ~[groovy-4.0.15.jar:4.0.15]
	at org.codehaus.groovy.control.ResolveVisitor.visitConstructorOrMethod(ResolveVisitor.java:297) ~[groovy-4.0.15.jar:4.0.15]
	at org.codehaus.groovy.ast.ClassCodeVisitorSupport.visitMethod(ClassCodeVisitorSupport.java:110) ~[groovy-4.0.15.jar:4.0.15]
	at org.codehaus.groovy.control.ResolveVisitor.visitMethod(ResolveVisitor.java:268) ~[groovy-4.0.15.jar:4.0.15]
	at org.codehaus.groovy.ast.ClassNode.visitMethods(ClassNode.java:1129) ~[groovy-4.0.15.jar:4.0.15]
	at org.codehaus.groovy.ast.ClassNode.visitContents(ClassNode.java:1122) ~[groovy-4.0.15.jar:4.0.15]
	at org.codehaus.groovy.ast.ClassCodeVisitorSupport.visitClass(ClassCodeVisitorSupport.java:52) ~[groovy-4.0.15.jar:4.0.15]
	at org.codehaus.groovy.control.ResolveVisitor.visitClass(ResolveVisitor.java:1334) ~[groovy-4.0.15.jar:4.0.15]
	at org.codehaus.groovy.control.ResolveVisitor.startResolving(ResolveVisitor.java:258) ~[groovy-4.0.15.jar:4.0.15]
	at org.codehaus.groovy.control.CompilationUnit.lambda$addPhaseOperations$4(CompilationUnit.java:218) ~[groovy-4.0.15.jar:4.0.15]
	at org.codehaus.groovy.control.CompilationUnit$ISourceUnitOperation.doPhaseOperation(CompilationUnit.java:897) ~[groovy-4.0.15.jar:4.0.15]
	... 38 more
2025-04-07 22:13:33,981 - org.apache.skywalking.oap.server.starter.config.ApplicationConfigLoader - 185 [main] INFO  [] - Remove module receiver-zabbix without any provider
2025-04-07 22:13:33,984 - org.apache.skywalking.oap.server.starter.config.ApplicationConfigLoader - 185 [main] INFO  [] - Remove module kafka-fetcher without any provider
2025-04-07 22:13:33,984 - org.apache.skywalking.oap.server.starter.config.ApplicationConfigLoader - 185 [main] INFO  [] - Remove module cilium-fetcher without any provider
2025-04-07 22:13:33,984 - org.apache.skywalking.oap.server.starter.config.ApplicationConfigLoader - 185 [main] INFO  [] - Remove module receiver-zipkin without any provider
2025-04-07 22:13:33,985 - org.apache.skywalking.oap.server.starter.config.ApplicationConfigLoader - 185 [main] INFO  [] - Remove module query-zipkin without any provider
2025-04-07 22:13:33,985 - org.apache.skywalking.oap.server.starter.config.ApplicationConfigLoader - 185 [main] INFO  [] - Remove module exporter without any provider
2025-04-07 22:13:33,985 - org.apache.skywalking.oap.server.starter.config.ApplicationConfigLoader - 185 [main] INFO  [] - Remove module health-checker without any provider
2025-04-07 22:13:33,986 - org.apache.skywalking.oap.server.starter.config.ApplicationConfigLoader - 78 [main] INFO  [] - Get a module define from application.yml, module name: cluster
2025-04-07 22:13:33,987 - org.apache.skywalking.oap.server.starter.config.ApplicationConfigLoader - 82 [main] INFO  [] - Get a provider define belong to cluster module, provider name: standalone
2025-04-07 22:13:33,988 - org.apache.skywalking.oap.server.starter.config.ApplicationConfigLoader - 78 [main] INFO  [] - Get a module define from application.yml, module name: core
2025-04-07 22:13:33,988 - org.apache.skywalking.oap.server.starter.config.ApplicationConfigLoader - 82 [main] INFO  [] - Get a provider define belong to core module, provider name: default
2025-04-07 22:13:33,991 - org.apache.skywalking.oap.server.starter.config.ApplicationConfigLoader - 78 [main] INFO  [] - Get a module define from application.yml, module name: storage
2025-04-07 22:13:33,992 - org.apache.skywalking.oap.server.starter.config.ApplicationConfigLoader - 82 [main] INFO  [] - Get a provider define belong to storage module, provider name: mysql
2025-04-07 22:13:33,993 - org.apache.skywalking.oap.server.starter.config.ApplicationConfigLoader - 78 [main] INFO  [] - Get a module define from application.yml, module name: agent-analyzer
2025-04-07 22:13:33,993 - org.apache.skywalking.oap.server.starter.config.ApplicationConfigLoader - 82 [main] INFO  [] - Get a provider define belong to agent-analyzer module, provider name: default
2025-04-07 22:13:33,993 - org.apache.skywalking.oap.server.starter.config.ApplicationConfigLoader - 78 [main] INFO  [] - Get a module define from application.yml, module name: log-analyzer
2025-04-07 22:13:33,993 - org.apache.skywalking.oap.server.starter.config.ApplicationConfigLoader - 82 [main] INFO  [] - Get a provider define belong to log-analyzer module, provider name: default
2025-04-07 22:13:33,993 - org.apache.skywalking.oap.server.starter.config.ApplicationConfigLoader - 78 [main] INFO  [] - Get a module define from application.yml, module name: event-analyzer
2025-04-07 22:13:33,994 - org.apache.skywalking.oap.server.starter.config.ApplicationConfigLoader - 82 [main] INFO  [] - Get a provider define belong to event-analyzer module, provider name: default
2025-04-07 22:13:33,994 - org.apache.skywalking.oap.server.starter.config.ApplicationConfigLoader - 78 [main] INFO  [] - Get a module define from application.yml, module name: receiver-sharing-server
2025-04-07 22:13:33,994 - org.apache.skywalking.oap.server.starter.config.ApplicationConfigLoader - 82 [main] INFO  [] - Get a provider define belong to receiver-sharing-server module, provider name: default
2025-04-07 22:13:33,994 - org.apache.skywalking.oap.server.starter.config.ApplicationConfigLoader - 78 [main] INFO  [] - Get a module define from application.yml, module name: receiver-register
2025-04-07 22:13:33,995 - org.apache.skywalking.oap.server.starter.config.ApplicationConfigLoader - 82 [main] INFO  [] - Get a provider define belong to receiver-register module, provider name: default
2025-04-07 22:13:33,995 - org.apache.skywalking.oap.server.starter.config.ApplicationConfigLoader - 78 [main] INFO  [] - Get a module define from application.yml, module name: receiver-trace
2025-04-07 22:13:33,995 - org.apache.skywalking.oap.server.starter.config.ApplicationConfigLoader - 82 [main] INFO  [] - Get a provider define belong to receiver-trace module, provider name: default
2025-04-07 22:13:33,995 - org.apache.skywalking.oap.server.starter.config.ApplicationConfigLoader - 78 [main] INFO  [] - Get a module define from application.yml, module name: receiver-jvm
2025-04-07 22:13:33,995 - org.apache.skywalking.oap.server.starter.config.ApplicationConfigLoader - 82 [main] INFO  [] - Get a provider define belong to receiver-jvm module, provider name: default
2025-04-07 22:13:33,995 - org.apache.skywalking.oap.server.starter.config.ApplicationConfigLoader - 78 [main] INFO  [] - Get a module define from application.yml, module name: receiver-clr
2025-04-07 22:13:33,995 - org.apache.skywalking.oap.server.starter.config.ApplicationConfigLoader - 82 [main] INFO  [] - Get a provider define belong to receiver-clr module, provider name: default
2025-04-07 22:13:33,995 - org.apache.skywalking.oap.server.starter.config.ApplicationConfigLoader - 78 [main] INFO  [] - Get a module define from application.yml, module name: receiver-profile
2025-04-07 22:13:33,995 - org.apache.skywalking.oap.server.starter.config.ApplicationConfigLoader - 82 [main] INFO  [] - Get a provider define belong to receiver-profile module, provider name: default
2025-04-07 22:13:33,995 - org.apache.skywalking.oap.server.starter.config.ApplicationConfigLoader - 78 [main] INFO  [] - Get a module define from application.yml, module name: service-mesh
2025-04-07 22:13:33,996 - org.apache.skywalking.oap.server.starter.config.ApplicationConfigLoader - 82 [main] INFO  [] - Get a provider define belong to service-mesh module, provider name: default
2025-04-07 22:13:33,996 - org.apache.skywalking.oap.server.starter.config.ApplicationConfigLoader - 78 [main] INFO  [] - Get a module define from application.yml, module name: envoy-metric
2025-04-07 22:13:33,996 - org.apache.skywalking.oap.server.starter.config.ApplicationConfigLoader - 82 [main] INFO  [] - Get a provider define belong to envoy-metric module, provider name: default
2025-04-07 22:13:33,997 - org.apache.skywalking.oap.server.starter.config.ApplicationConfigLoader - 78 [main] INFO  [] - Get a module define from application.yml, module name: receiver-meter
2025-04-07 22:13:33,997 - org.apache.skywalking.oap.server.starter.config.ApplicationConfigLoader - 82 [main] INFO  [] - Get a provider define belong to receiver-meter module, provider name: default
2025-04-07 22:13:33,997 - org.apache.skywalking.oap.server.starter.config.ApplicationConfigLoader - 78 [main] INFO  [] - Get a module define from application.yml, module name: receiver-otel
2025-04-07 22:13:33,997 - org.apache.skywalking.oap.server.starter.config.ApplicationConfigLoader - 82 [main] INFO  [] - Get a provider define belong to receiver-otel module, provider name: default
2025-04-07 22:13:33,997 - org.apache.skywalking.oap.server.starter.config.ApplicationConfigLoader - 78 [main] INFO  [] - Get a module define from application.yml, module name: receiver-browser
2025-04-07 22:13:33,997 - org.apache.skywalking.oap.server.starter.config.ApplicationConfigLoader - 82 [main] INFO  [] - Get a provider define belong to receiver-browser module, provider name: default
2025-04-07 22:13:33,997 - org.apache.skywalking.oap.server.starter.config.ApplicationConfigLoader - 78 [main] INFO  [] - Get a module define from application.yml, module name: receiver-log
2025-04-07 22:13:33,997 - org.apache.skywalking.oap.server.starter.config.ApplicationConfigLoader - 82 [main] INFO  [] - Get a provider define belong to receiver-log module, provider name: default
2025-04-07 22:13:33,997 - org.apache.skywalking.oap.server.starter.config.ApplicationConfigLoader - 78 [main] INFO  [] - Get a module define from application.yml, module name: query
2025-04-07 22:13:33,998 - org.apache.skywalking.oap.server.starter.config.ApplicationConfigLoader - 82 [main] INFO  [] - Get a provider define belong to query module, provider name: graphql
2025-04-07 22:13:33,998 - org.apache.skywalking.oap.server.starter.config.ApplicationConfigLoader - 78 [main] INFO  [] - Get a module define from application.yml, module name: promql
2025-04-07 22:13:33,998 - org.apache.skywalking.oap.server.starter.config.ApplicationConfigLoader - 82 [main] INFO  [] - Get a provider define belong to promql module, provider name: default
2025-04-07 22:13:33,998 - org.apache.skywalking.oap.server.starter.config.ApplicationConfigLoader - 78 [main] INFO  [] - Get a module define from application.yml, module name: logql
2025-04-07 22:13:33,998 - org.apache.skywalking.oap.server.starter.config.ApplicationConfigLoader - 82 [main] INFO  [] - Get a provider define belong to logql module, provider name: default
2025-04-07 22:13:33,999 - org.apache.skywalking.oap.server.starter.config.ApplicationConfigLoader - 78 [main] INFO  [] - Get a module define from application.yml, module name: alarm
2025-04-07 22:13:33,999 - org.apache.skywalking.oap.server.starter.config.ApplicationConfigLoader - 82 [main] INFO  [] - Get a provider define belong to alarm module, provider name: default
2025-04-07 22:13:33,999 - org.apache.skywalking.oap.server.starter.config.ApplicationConfigLoader - 78 [main] INFO  [] - Get a module define from application.yml, module name: telemetry
2025-04-07 22:13:33,999 - org.apache.skywalking.oap.server.starter.config.ApplicationConfigLoader - 82 [main] INFO  [] - Get a provider define belong to telemetry module, provider name: none
2025-04-07 22:13:33,999 - org.apache.skywalking.oap.server.starter.config.ApplicationConfigLoader - 78 [main] INFO  [] - Get a module define from application.yml, module name: configuration
2025-04-07 22:13:33,999 - org.apache.skywalking.oap.server.starter.config.ApplicationConfigLoader - 82 [main] INFO  [] - Get a provider define belong to configuration module, provider name: none
2025-04-07 22:13:33,999 - org.apache.skywalking.oap.server.starter.config.ApplicationConfigLoader - 78 [main] INFO  [] - Get a module define from application.yml, module name: debugging-query
2025-04-07 22:13:33,999 - org.apache.skywalking.oap.server.starter.config.ApplicationConfigLoader - 82 [main] INFO  [] - Get a provider define belong to debugging-query module, provider name: default
2025-04-07 22:13:34,001 - org.apache.skywalking.oap.server.starter.config.ApplicationConfigLoader - 78 [main] INFO  [] - Get a module define from application.yml, module name: configuration-discovery
2025-04-07 22:13:34,001 - org.apache.skywalking.oap.server.starter.config.ApplicationConfigLoader - 82 [main] INFO  [] - Get a provider define belong to configuration-discovery module, provider name: default
2025-04-07 22:13:34,001 - org.apache.skywalking.oap.server.starter.config.ApplicationConfigLoader - 78 [main] INFO  [] - Get a module define from application.yml, module name: receiver-event
2025-04-07 22:13:34,001 - org.apache.skywalking.oap.server.starter.config.ApplicationConfigLoader - 82 [main] INFO  [] - Get a provider define belong to receiver-event module, provider name: default
2025-04-07 22:13:34,001 - org.apache.skywalking.oap.server.starter.config.ApplicationConfigLoader - 78 [main] INFO  [] - Get a module define from application.yml, module name: receiver-ebpf
2025-04-07 22:13:34,002 - org.apache.skywalking.oap.server.starter.config.ApplicationConfigLoader - 82 [main] INFO  [] - Get a provider define belong to receiver-ebpf module, provider name: default
2025-04-07 22:13:34,002 - org.apache.skywalking.oap.server.starter.config.ApplicationConfigLoader - 78 [main] INFO  [] - Get a module define from application.yml, module name: receiver-telegraf
2025-04-07 22:13:34,002 - org.apache.skywalking.oap.server.starter.config.ApplicationConfigLoader - 82 [main] INFO  [] - Get a provider define belong to receiver-telegraf module, provider name: default
2025-04-07 22:13:34,003 - org.apache.skywalking.oap.server.starter.config.ApplicationConfigLoader - 78 [main] INFO  [] - Get a module define from application.yml, module name: aws-firehose
2025-04-07 22:13:34,003 - org.apache.skywalking.oap.server.starter.config.ApplicationConfigLoader - 82 [main] INFO  [] - Get a provider define belong to aws-firehose module, provider name: default
2025-04-07 22:13:34,003 - org.apache.skywalking.oap.server.starter.config.ApplicationConfigLoader - 126 [main] INFO  [] - Provider=default config=firehoseAccessKey has been set as an empty string
2025-04-07 22:13:34,003 - org.apache.skywalking.oap.server.starter.config.ApplicationConfigLoader - 126 [main] INFO  [] - Provider=default config=tlsKeyPath has been set as an empty string
2025-04-07 22:13:34,003 - org.apache.skywalking.oap.server.starter.config.ApplicationConfigLoader - 126 [main] INFO  [] - Provider=default config=tlsCertChainPath has been set as an empty string
2025-04-07 22:13:34,003 - org.apache.skywalking.oap.server.starter.config.ApplicationConfigLoader - 78 [main] INFO  [] - Get a module define from application.yml, module name: ai-pipeline
2025-04-07 22:13:34,003 - org.apache.skywalking.oap.server.starter.config.ApplicationConfigLoader - 82 [main] INFO  [] - Get a provider define belong to ai-pipeline module, provider name: default
2025-04-07 22:13:34,003 - org.apache.skywalking.oap.server.starter.config.ApplicationConfigLoader - 126 [main] INFO  [] - Provider=default config=uriRecognitionServerAddr has been set as an empty string
2025-04-07 22:13:34,150 - org.apache.skywalking.oap.server.library.module.ModuleDefine - 94 [main] INFO  [] - Prepare the default provider in agent-analyzer module.
2025-04-07 22:13:34,153 - org.apache.skywalking.oap.server.analyzer.provider.trace.UninstrumentedGatewaysConfig - 56 [main] INFO  [] - Default configured gateways: null
2025-04-07 22:13:34,153 - org.apache.skywalking.oap.server.analyzer.provider.trace.UninstrumentedGatewaysConfig - 83 [main] INFO  [] - Updating uninstrumented gateways with: null
2025-04-07 22:13:34,155 - org.apache.skywalking.oap.server.analyzer.provider.trace.TraceSamplingPolicyWatcher - 133 [main] INFO  [] - [trace-sampling-policy] use trace-sample-policy in static file : SamplingPolicySettings(defaultPolicy=SamplingPolicy(rate=10000, duration=-1), services={})
2025-04-07 22:13:34,190 - org.apache.skywalking.oap.server.library.module.ModuleDefine - 94 [main] INFO  [] - Prepare the default provider in ai-pipeline module.
2025-04-07 22:13:34,192 - org.apache.skywalking.oap.server.library.module.ModuleDefine - 94 [main] INFO  [] - Prepare the default provider in aws-firehose module.
2025-04-07 22:13:34,228 - com.linecorp.armeria.common.Flags - 1717 [main] INFO  [] - verboseExceptions: rate-limit=10 (default)
2025-04-07 22:13:34,373 - com.linecorp.armeria.common.Flags - 1717 [main] INFO  [] - useEpoll: false (default)
2025-04-07 22:13:34,385 - com.linecorp.armeria.common.Flags - 1717 [main] INFO  [] - annotatedServiceExceptionVerbosity: unhandled (default)
2025-04-07 22:13:34,715 - com.linecorp.armeria.common.Flags - 630 [main] INFO  [] - Using Tls engine: OpenSSL BoringSSL, 0x1010107f
2025-04-07 22:13:35,098 - com.linecorp.armeria.server.docs.DocStringExtractor - 134 [main] INFO  [] - Using com.linecorp.armeria.grpc.descriptorDir: META-INF/armeria/grpc
2025-04-07 22:13:35,289 - org.apache.skywalking.oap.server.library.server.http.HTTPServer - 98 [main] INFO  [] - Server root context path: /
2025-04-07 22:13:35,292 - org.apache.skywalking.oap.server.library.module.ModuleDefine - 94 [main] INFO  [] - Prepare the none provider in configuration module.
2025-04-07 22:13:35,293 - org.apache.skywalking.oap.server.library.module.ModuleDefine - 94 [main] INFO  [] - Prepare the default provider in configuration-discovery module.
2025-04-07 22:13:35,298 - org.apache.skywalking.oap.server.library.module.ModuleDefine - 94 [main] INFO  [] - Prepare the default provider in debugging-query module.
2025-04-07 22:13:35,298 - org.apache.skywalking.oap.server.library.module.ModuleDefine - 94 [main] INFO  [] - Prepare the default provider in envoy-metric module.
2025-04-07 22:13:35,304 - org.apache.skywalking.oap.server.library.module.ModuleDefine - 94 [main] INFO  [] - Prepare the default provider in event-analyzer module.
2025-04-07 22:13:35,305 - org.apache.skywalking.oap.server.library.module.ModuleDefine - 94 [main] INFO  [] - Prepare the default provider in log-analyzer module.
2025-04-07 22:13:35,307 - org.apache.skywalking.oap.server.library.module.ModuleDefine - 94 [main] INFO  [] - Prepare the default provider in logql module.
2025-04-07 22:13:35,308 - org.apache.skywalking.oap.server.library.module.ModuleDefine - 94 [main] INFO  [] - Prepare the default provider in receiver-otel module.
2025-04-07 22:13:35,317 - org.apache.skywalking.oap.server.library.module.ModuleDefine - 94 [main] INFO  [] - Prepare the default provider in promql module.
2025-04-07 22:13:35,318 - org.apache.skywalking.oap.server.library.module.ModuleDefine - 94 [main] INFO  [] - Prepare the mysql provider in storage module.
2025-04-07 22:13:35,375 - org.apache.skywalking.oap.server.library.module.ModuleDefine - 94 [main] INFO  [] - Prepare the standalone provider in cluster module.
2025-04-07 22:13:35,375 - org.apache.skywalking.oap.server.library.module.ModuleDefine - 94 [main] INFO  [] - Prepare the default provider in core module.
2025-04-07 22:13:36,445 - org.apache.skywalking.oap.server.library.server.http.HTTPServer - 98 [main] INFO  [] - Server root context path: /
2025-04-07 22:13:36,968 - org.apache.skywalking.oap.server.library.module.ModuleDefine - 94 [main] INFO  [] - Prepare the graphql provider in query module.
2025-04-07 22:13:36,983 - org.apache.skywalking.oap.server.library.module.ModuleDefine - 94 [main] INFO  [] - Prepare the default provider in alarm module.
2025-04-07 22:13:36,992 - org.apache.skywalking.oap.server.core.alarm.provider.AlarmRulesWatcher - 134 [main] INFO  [] - Update alarm rules to Rules(rules=[], webhookSettingsMap={}, grpcAlarmSettingMap={}, slackSettingsMap={}, wechatSettingsMap={}, dingtalkSettingsMap={}, feishuSettingsMap={}, weLinkSettingsMap={}, pagerDutySettingsMap={}, discordSettingsMap={})
2025-04-07 22:13:36,993 - org.apache.skywalking.oap.server.library.module.ModuleDefine - 94 [main] INFO  [] - Prepare the default provider in receiver-browser module.
2025-04-07 22:13:36,994 - org.apache.skywalking.oap.server.library.module.ModuleDefine - 94 [main] INFO  [] - Prepare the default provider in receiver-clr module.
2025-04-07 22:13:36,994 - org.apache.skywalking.oap.server.library.module.ModuleDefine - 94 [main] INFO  [] - Prepare the default provider in receiver-ebpf module.
2025-04-07 22:13:36,995 - org.apache.skywalking.oap.server.library.module.ModuleDefine - 94 [main] INFO  [] - Prepare the default provider in receiver-event module.
2025-04-07 22:13:36,995 - org.apache.skywalking.oap.server.library.module.ModuleDefine - 94 [main] INFO  [] - Prepare the default provider in receiver-jvm module.
2025-04-07 22:13:36,995 - org.apache.skywalking.oap.server.library.module.ModuleDefine - 94 [main] INFO  [] - Prepare the default provider in receiver-log module.
2025-04-07 22:13:36,996 - org.apache.skywalking.oap.server.library.module.ModuleDefine - 94 [main] INFO  [] - Prepare the default provider in receiver-register module.
2025-04-07 22:13:36,996 - org.apache.skywalking.oap.server.library.module.ModuleDefine - 94 [main] INFO  [] - Prepare the default provider in service-mesh module.
2025-04-07 22:13:36,996 - org.apache.skywalking.oap.server.library.module.ModuleDefine - 94 [main] INFO  [] - Prepare the default provider in receiver-meter module.
2025-04-07 22:13:36,996 - org.apache.skywalking.oap.server.library.module.ModuleDefine - 94 [main] INFO  [] - Prepare the default provider in receiver-profile module.
2025-04-07 22:13:36,996 - org.apache.skywalking.oap.server.library.module.ModuleDefine - 94 [main] INFO  [] - Prepare the default provider in receiver-sharing-server module.
2025-04-07 22:13:36,997 - org.apache.skywalking.oap.server.library.module.ModuleDefine - 94 [main] INFO  [] - Prepare the default provider in receiver-telegraf module.
2025-04-07 22:13:37,004 - org.apache.skywalking.oap.server.library.module.ModuleDefine - 94 [main] INFO  [] - Prepare the default provider in receiver-trace module.
2025-04-07 22:13:37,004 - org.apache.skywalking.oap.server.library.module.ModuleDefine - 94 [main] INFO  [] - Prepare the none provider in telemetry module.
2025-04-07 22:13:37,005 - org.apache.skywalking.oap.server.library.module.BootstrapFlow - 43 [main] INFO  [] - start the provider standalone in cluster module.
2025-04-07 22:13:37,005 - org.apache.skywalking.oap.server.library.module.BootstrapFlow - 43 [main] INFO  [] - start the provider none in configuration module.
2025-04-07 22:13:37,005 - org.apache.skywalking.oap.server.library.module.BootstrapFlow - 43 [main] INFO  [] - start the provider default in ai-pipeline module.
2025-04-07 22:13:37,005 - org.apache.skywalking.oap.server.library.module.BootstrapFlow - 43 [main] INFO  [] - start the provider graphql in query module.
2025-04-07 22:13:37,836 - graphql.kickstart.tools.SchemaClassScanner - 183 [main] WARN  [] - Schema type was defined but can never be accessed, and can be safely deleted: ProfiledSegment
2025-04-07 22:13:38,043 - org.apache.skywalking.oap.server.library.server.http.HTTPServer - 107 [main] INFO  [] - Bind handler GraphQLQueryHandler into http server 0.0.0.0:12800
2025-04-07 22:13:38,044 - org.apache.skywalking.oap.server.library.module.BootstrapFlow - 43 [main] INFO  [] - start the provider none in telemetry module.
2025-04-07 22:13:38,044 - org.apache.skywalking.oap.server.library.module.BootstrapFlow - 43 [main] INFO  [] - start the provider default in core module.
2025-04-07 22:13:38,221 - org.apache.skywalking.oap.server.core.analysis.DispatcherManager - 117 [main] INFO  [] - Dispatcher org.apache.skywalking.oap.server.core.analysis.manual.cache.CacheSlowAccessDispatcher is added into DefaultScopeDefine 56.
2025-04-07 22:13:38,222 - org.apache.skywalking.oap.server.core.analysis.DispatcherManager - 117 [main] INFO  [] - Dispatcher org.apache.skywalking.oap.server.core.analysis.manual.database.DatabaseStatementDispatcher is added into DefaultScopeDefine 18.
2025-04-07 22:13:38,222 - org.apache.skywalking.oap.server.core.analysis.DispatcherManager - 117 [main] INFO  [] - Dispatcher org.apache.skywalking.oap.server.core.analysis.manual.endpoint.EndpointMetaDispatcher is added into DefaultScopeDefine 42.
2025-04-07 22:13:38,223 - org.apache.skywalking.oap.server.core.analysis.DispatcherManager - 117 [main] INFO  [] - Dispatcher org.apache.skywalking.oap.server.core.analysis.manual.endpoint.EndpointTrafficDispatcher is added into DefaultScopeDefine 3.
2025-04-07 22:13:38,224 - org.apache.skywalking.oap.server.core.analysis.DispatcherManager - 117 [main] INFO  [] - Dispatcher org.apache.skywalking.oap.server.core.analysis.manual.endpoint.HubbleEndpointDispatcher is added into DefaultScopeDefine 82.
2025-04-07 22:13:38,225 - org.apache.skywalking.oap.server.core.analysis.DispatcherManager - 117 [main] INFO  [] - Dispatcher org.apache.skywalking.oap.server.core.analysis.manual.endpoint.K8SEndpointTrafficDispatcher is added into DefaultScopeDefine 76.
2025-04-07 22:13:38,225 - org.apache.skywalking.oap.server.core.analysis.DispatcherManager - 117 [main] INFO  [] - Dispatcher org.apache.skywalking.oap.server.core.analysis.manual.instance.HubbleInstanceTrafficDispatcher is added into DefaultScopeDefine 79.
2025-04-07 22:13:38,225 - org.apache.skywalking.oap.server.core.analysis.DispatcherManager - 117 [main] INFO  [] - Dispatcher org.apache.skywalking.oap.server.core.analysis.manual.instance.InstanceTrafficDispatcher is added into DefaultScopeDefine 2.
2025-04-07 22:13:38,225 - org.apache.skywalking.oap.server.core.analysis.DispatcherManager - 117 [main] INFO  [] - Dispatcher org.apache.skywalking.oap.server.core.analysis.manual.instance.InstanceUpdateDispatcher is added into DefaultScopeDefine 30.
2025-04-07 22:13:38,225 - org.apache.skywalking.oap.server.core.analysis.DispatcherManager - 117 [main] INFO  [] - Dispatcher org.apache.skywalking.oap.server.core.analysis.manual.instance.K8SInstanceTrafficDispatcher is added into DefaultScopeDefine 73.
2025-04-07 22:13:38,225 - org.apache.skywalking.oap.server.core.analysis.DispatcherManager - 117 [main] INFO  [] - Dispatcher org.apache.skywalking.oap.server.core.analysis.manual.instance.TCPInstanceTrafficDispatcher is added into DefaultScopeDefine 58.
2025-04-07 22:13:38,225 - org.apache.skywalking.oap.server.core.analysis.DispatcherManager - 117 [main] INFO  [] - Dispatcher org.apache.skywalking.oap.server.core.analysis.manual.instance.TCPInstanceUpdateDispatcher is added into DefaultScopeDefine 61.
2025-04-07 22:13:38,225 - org.apache.skywalking.oap.server.core.analysis.DispatcherManager - 117 [main] INFO  [] - Dispatcher org.apache.skywalking.oap.server.core.analysis.manual.log.LogRecordDispatcher is added into DefaultScopeDefine 41.
2025-04-07 22:13:38,225 - org.apache.skywalking.oap.server.core.analysis.DispatcherManager - 117 [main] INFO  [] - Dispatcher org.apache.skywalking.oap.server.core.analysis.manual.networkalias.NetworkAddressAliasSetupDispatcher is added into DefaultScopeDefine 31.
2025-04-07 22:13:38,225 - org.apache.skywalking.oap.server.core.analysis.DispatcherManager - 117 [main] INFO  [] - Dispatcher org.apache.skywalking.oap.server.core.analysis.manual.process.ProcessDispatcher is added into DefaultScopeDefine 45.
2025-04-07 22:13:38,225 - org.apache.skywalking.oap.server.core.analysis.DispatcherManager - 117 [main] INFO  [] - Dispatcher org.apache.skywalking.oap.server.core.analysis.manual.process.ProcessLabelDispatcher is added into DefaultScopeDefine 49.
2025-04-07 22:13:38,226 - org.apache.skywalking.oap.server.core.analysis.DispatcherManager - 117 [main] INFO  [] - Dispatcher org.apache.skywalking.oap.server.core.analysis.manual.relation.endpoint.EndpointCallRelationDispatcher is added into DefaultScopeDefine 6.
2025-04-07 22:13:38,226 - org.apache.skywalking.oap.server.core.analysis.DispatcherManager - 117 [main] INFO  [] - Dispatcher org.apache.skywalking.oap.server.core.analysis.manual.relation.endpoint.HubbleEndpointCallRelationDispatcher is added into DefaultScopeDefine 83.
2025-04-07 22:13:38,226 - org.apache.skywalking.oap.server.core.analysis.DispatcherManager - 117 [main] INFO  [] - Dispatcher org.apache.skywalking.oap.server.core.analysis.manual.relation.instance.HubbleServiceInstanceCallRelationDispatcher is added into DefaultScopeDefine 81.
2025-04-07 22:13:38,226 - org.apache.skywalking.oap.server.core.analysis.DispatcherManager - 117 [main] INFO  [] - Dispatcher org.apache.skywalking.oap.server.core.analysis.manual.relation.instance.K8SServiceInstanceCallRelationDispatcher is added into DefaultScopeDefine 75.
2025-04-07 22:13:38,226 - org.apache.skywalking.oap.server.core.analysis.DispatcherManager - 117 [main] INFO  [] - Dispatcher org.apache.skywalking.oap.server.core.analysis.manual.relation.instance.ServiceInstanceCallRelationDispatcher is added into DefaultScopeDefine 5.
2025-04-07 22:13:38,226 - org.apache.skywalking.oap.server.core.analysis.DispatcherManager - 117 [main] INFO  [] - Dispatcher org.apache.skywalking.oap.server.core.analysis.manual.relation.instance.TCPServiceInstanceCallRelationDispatcher is added into DefaultScopeDefine 60.
2025-04-07 22:13:38,227 - org.apache.skywalking.oap.server.core.analysis.DispatcherManager - 117 [main] INFO  [] - Dispatcher org.apache.skywalking.oap.server.core.analysis.manual.relation.process.ProcessRelationDispatcher is added into DefaultScopeDefine 54.
2025-04-07 22:13:38,227 - org.apache.skywalking.oap.server.core.analysis.DispatcherManager - 117 [main] INFO  [] - Dispatcher org.apache.skywalking.oap.server.core.analysis.manual.relation.service.HubbleServiceCallRelationDispatcher is added into DefaultScopeDefine 80.
2025-04-07 22:13:38,227 - org.apache.skywalking.oap.server.core.analysis.DispatcherManager - 117 [main] INFO  [] - Dispatcher org.apache.skywalking.oap.server.core.analysis.manual.relation.service.K8SServiceCallRelationDispatcher is added into DefaultScopeDefine 74.
2025-04-07 22:13:38,227 - org.apache.skywalking.oap.server.core.analysis.DispatcherManager - 117 [main] INFO  [] - Dispatcher org.apache.skywalking.oap.server.core.analysis.manual.relation.service.ServiceCallRelationDispatcher is added into DefaultScopeDefine 4.
2025-04-07 22:13:38,227 - org.apache.skywalking.oap.server.core.analysis.DispatcherManager - 117 [main] INFO  [] - Dispatcher org.apache.skywalking.oap.server.core.analysis.manual.relation.service.TCPServiceCallRelationDispatcher is added into DefaultScopeDefine 59.
2025-04-07 22:13:38,227 - org.apache.skywalking.oap.server.core.analysis.DispatcherManager - 117 [main] INFO  [] - Dispatcher org.apache.skywalking.oap.server.core.analysis.manual.searchtag.TagAutocompleteDispatcher is added into DefaultScopeDefine 50.
2025-04-07 22:13:38,227 - org.apache.skywalking.oap.server.core.analysis.DispatcherManager - 117 [main] INFO  [] - Dispatcher org.apache.skywalking.oap.server.core.analysis.manual.segment.SegmentDispatcher is added into DefaultScopeDefine 12.
2025-04-07 22:13:38,227 - org.apache.skywalking.oap.server.core.analysis.DispatcherManager - 117 [main] INFO  [] - Dispatcher org.apache.skywalking.oap.server.core.analysis.manual.service.HubbleServiceTrafficDispatcher is added into DefaultScopeDefine 78.
2025-04-07 22:13:38,227 - org.apache.skywalking.oap.server.core.analysis.DispatcherManager - 117 [main] INFO  [] - Dispatcher org.apache.skywalking.oap.server.core.analysis.manual.service.K8SServiceTrafficDispatcher is added into DefaultScopeDefine 72.
2025-04-07 22:13:38,227 - org.apache.skywalking.oap.server.core.analysis.DispatcherManager - 117 [main] INFO  [] - Dispatcher org.apache.skywalking.oap.server.core.analysis.manual.service.ServiceMetaDispatcher is added into DefaultScopeDefine 29.
2025-04-07 22:13:38,228 - org.apache.skywalking.oap.server.core.analysis.DispatcherManager - 117 [main] INFO  [] - Dispatcher org.apache.skywalking.oap.server.core.analysis.manual.service.ServiceTrafficDispatcher is added into DefaultScopeDefine 1.
2025-04-07 22:13:38,228 - org.apache.skywalking.oap.server.core.analysis.DispatcherManager - 117 [main] INFO  [] - Dispatcher org.apache.skywalking.oap.server.core.analysis.manual.service.TCPServiceTrafficDispatcher is added into DefaultScopeDefine 57.
2025-04-07 22:13:38,228 - org.apache.skywalking.oap.server.core.analysis.DispatcherManager - 117 [main] INFO  [] - Dispatcher org.apache.skywalking.oap.server.core.browser.manual.endpoint.BrowserAppPageTrafficDispatcher is added into DefaultScopeDefine 40.
2025-04-07 22:13:38,228 - org.apache.skywalking.oap.server.core.analysis.DispatcherManager - 117 [main] INFO  [] - Dispatcher org.apache.skywalking.oap.server.core.browser.manual.errorlog.BrowserErrorLogRecordDispatcher is added into DefaultScopeDefine 34.
2025-04-07 22:13:38,228 - org.apache.skywalking.oap.server.core.analysis.DispatcherManager - 117 [main] INFO  [] - Dispatcher org.apache.skywalking.oap.server.core.browser.manual.instance.BrowserAppSingleVersionTrafficDispatcher is added into DefaultScopeDefine 39.
2025-04-07 22:13:38,228 - org.apache.skywalking.oap.server.core.analysis.DispatcherManager - 117 [main] INFO  [] - Dispatcher org.apache.skywalking.oap.server.core.browser.manual.service.BrowserAppTrafficDispatcher is added into DefaultScopeDefine 38.
2025-04-07 22:13:38,228 - org.apache.skywalking.oap.server.core.analysis.DispatcherManager - 117 [main] INFO  [] - Dispatcher org.apache.skywalking.oap.server.core.hierarchy.instance.InstanceHierarchyTrafficRelationDispatcher is added into DefaultScopeDefine 71.
2025-04-07 22:13:38,229 - org.apache.skywalking.oap.server.core.analysis.DispatcherManager - 117 [main] INFO  [] - Dispatcher org.apache.skywalking.oap.server.core.hierarchy.service.ServiceHierarchyTrafficRelationDispatcher is added into DefaultScopeDefine 70.
2025-04-07 22:13:38,229 - org.apache.skywalking.oap.server.core.analysis.DispatcherManager - 117 [main] INFO  [] - Dispatcher org.apache.skywalking.oap.server.core.profiling.ebpf.storage.EBPFProcessProfilingDataDispatcher is added into DefaultScopeDefine 48.
2025-04-07 22:13:38,229 - org.apache.skywalking.oap.server.core.analysis.DispatcherManager - 117 [main] INFO  [] - Dispatcher org.apache.skywalking.oap.server.core.profiling.ebpf.storage.EBPFProcessProfilingScheduleDispatcher is added into DefaultScopeDefine 47.
2025-04-07 22:13:38,230 - org.apache.skywalking.oap.server.core.analysis.DispatcherManager - 117 [main] INFO  [] - Dispatcher org.apache.skywalking.oap.server.core.zipkin.dispatcher.ZipkinServiceDispatcher is added into DefaultScopeDefine 51.
2025-04-07 22:13:38,230 - org.apache.skywalking.oap.server.core.analysis.DispatcherManager - 117 [main] INFO  [] - Dispatcher org.apache.skywalking.oap.server.core.zipkin.dispatcher.ZipkinServiceRelationDispatcher is added into DefaultScopeDefine 53.
2025-04-07 22:13:38,230 - org.apache.skywalking.oap.server.core.analysis.DispatcherManager - 117 [main] INFO  [] - Dispatcher org.apache.skywalking.oap.server.core.zipkin.dispatcher.ZipkinServiceSpanDispatcher is added into DefaultScopeDefine 52.
2025-04-07 22:13:38,230 - org.apache.skywalking.oap.server.core.analysis.DispatcherManager - 117 [main] INFO  [] - Dispatcher org.apache.skywalking.oap.server.core.zipkin.dispatcher.ZipkinSpanRecordDispatcher is added into DefaultScopeDefine 23.
2025-04-07 22:13:38,377 - org.apache.skywalking.oap.server.library.module.BootstrapFlow - 43 [main] INFO  [] - start the provider default in agent-analyzer module.
2025-04-07 22:13:39,110 - org.apache.skywalking.oap.server.core.analysis.DispatcherManager - 117 [main] INFO  [] - Dispatcher org.apache.skywalking.oap.server.core.source.oal.rt.dispatcher.MQEndpointAccessDispatcher is added into DefaultScopeDefine 64.
2025-04-07 22:13:39,110 - org.apache.skywalking.oap.server.core.analysis.DispatcherManager - 117 [main] INFO  [] - Dispatcher org.apache.skywalking.oap.server.core.source.oal.rt.dispatcher.EndpointRelationDispatcher is added into DefaultScopeDefine 6.
2025-04-07 22:13:39,110 - org.apache.skywalking.oap.server.core.analysis.DispatcherManager - 117 [main] INFO  [] - Dispatcher org.apache.skywalking.oap.server.core.source.oal.rt.dispatcher.ServiceRelationDispatcher is added into DefaultScopeDefine 4.
2025-04-07 22:13:39,110 - org.apache.skywalking.oap.server.core.analysis.DispatcherManager - 117 [main] INFO  [] - Dispatcher org.apache.skywalking.oap.server.core.source.oal.rt.dispatcher.EndpointDispatcher is added into DefaultScopeDefine 3.
2025-04-07 22:13:39,110 - org.apache.skywalking.oap.server.core.analysis.DispatcherManager - 117 [main] INFO  [] - Dispatcher org.apache.skywalking.oap.server.core.source.oal.rt.dispatcher.DatabaseAccessDispatcher is added into DefaultScopeDefine 17.
2025-04-07 22:13:39,110 - org.apache.skywalking.oap.server.core.analysis.DispatcherManager - 117 [main] INFO  [] - Dispatcher org.apache.skywalking.oap.server.core.source.oal.rt.dispatcher.MQAccessDispatcher is added into DefaultScopeDefine 63.
2025-04-07 22:13:39,110 - org.apache.skywalking.oap.server.core.analysis.DispatcherManager - 117 [main] INFO  [] - Dispatcher org.apache.skywalking.oap.server.core.source.oal.rt.dispatcher.CacheAccessDispatcher is added into DefaultScopeDefine 55.
2025-04-07 22:13:39,110 - org.apache.skywalking.oap.server.core.analysis.DispatcherManager - 117 [main] INFO  [] - Dispatcher org.apache.skywalking.oap.server.core.source.oal.rt.dispatcher.ServiceInstanceDispatcher is added into DefaultScopeDefine 2.
2025-04-07 22:13:39,110 - org.apache.skywalking.oap.server.core.analysis.DispatcherManager - 117 [main] INFO  [] - Dispatcher org.apache.skywalking.oap.server.core.source.oal.rt.dispatcher.ServiceDispatcher is added into DefaultScopeDefine 1.
2025-04-07 22:13:39,110 - org.apache.skywalking.oap.server.core.analysis.DispatcherManager - 117 [main] INFO  [] - Dispatcher org.apache.skywalking.oap.server.core.source.oal.rt.dispatcher.ServiceInstanceRelationDispatcher is added into DefaultScopeDefine 5.
2025-04-07 22:13:39,967 - org.apache.skywalking.oap.server.library.module.BootstrapFlow - 43 [main] INFO  [] - start the provider default in logql module.
2025-04-07 22:13:40,016 - org.apache.skywalking.oap.server.library.server.http.HTTPServer - 98 [main] INFO  [] - Server root context path: /
2025-04-07 22:13:40,016 - org.apache.skywalking.oap.server.library.server.http.HTTPServer - 107 [main] INFO  [] - Bind handler LogQLApiHandler into http server 0.0.0.0:3100
2025-04-07 22:13:40,016 - org.apache.skywalking.oap.server.library.module.BootstrapFlow - 43 [main] INFO  [] - start the provider default in event-analyzer module.
2025-04-07 22:13:40,016 - org.apache.skywalking.oap.server.library.module.BootstrapFlow - 43 [main] INFO  [] - start the provider mysql in storage module.
2025-04-07 22:13:40,019 - com.zaxxer.hikari.HikariDataSource - 80 [main] INFO  [] - HikariPool-1 - Starting...
2025-04-07 22:13:41,228 - com.zaxxer.hikari.pool.HikariPool - 574 [main] ERROR [] - HikariPool-1 - Exception during pool initialization.
java.sql.SQLSyntaxErrorException: Unknown database 'swtest'
	at com.mysql.cj.jdbc.exceptions.SQLError.createSQLException(SQLError.java:112) ~[mysql-connector-j-9.2.0.jar:9.2.0]
	at com.mysql.cj.jdbc.exceptions.SQLExceptionsMapping.translateException(SQLExceptionsMapping.java:114) ~[mysql-connector-j-9.2.0.jar:9.2.0]
	at com.mysql.cj.jdbc.ConnectionImpl.createNewIO(ConnectionImpl.java:837) ~[mysql-connector-j-9.2.0.jar:9.2.0]
	at com.mysql.cj.jdbc.ConnectionImpl.<init>(ConnectionImpl.java:420) ~[mysql-connector-j-9.2.0.jar:9.2.0]
	at com.mysql.cj.jdbc.ConnectionImpl.getInstance(ConnectionImpl.java:238) ~[mysql-connector-j-9.2.0.jar:9.2.0]
	at com.mysql.cj.jdbc.NonRegisteringDriver.connect(NonRegisteringDriver.java:180) ~[mysql-connector-j-9.2.0.jar:9.2.0]
	at com.zaxxer.hikari.util.DriverDataSource.getConnection(DriverDataSource.java:117) ~[HikariCP-3.1.0.jar:?]
	at com.zaxxer.hikari.pool.PoolBase.newConnection(PoolBase.java:367) ~[HikariCP-3.1.0.jar:?]
	at com.zaxxer.hikari.pool.PoolBase.newPoolEntry(PoolBase.java:196) ~[HikariCP-3.1.0.jar:?]
	at com.zaxxer.hikari.pool.HikariPool.createPoolEntry(HikariPool.java:467) [HikariCP-3.1.0.jar:?]
	at com.zaxxer.hikari.pool.HikariPool.checkFailFast(HikariPool.java:541) [HikariCP-3.1.0.jar:?]
	at com.zaxxer.hikari.pool.HikariPool.<init>(HikariPool.java:115) [HikariCP-3.1.0.jar:?]
	at com.zaxxer.hikari.HikariDataSource.<init>(HikariDataSource.java:81) [HikariCP-3.1.0.jar:?]
	at org.apache.skywalking.oap.server.library.client.jdbc.hikaricp.JDBCClient.connect(JDBCClient.java:54) [library-client-10.1.0.jar:10.1.0]
	at org.apache.skywalking.oap.server.storage.plugin.jdbc.common.JDBCStorageProvider.start(JDBCStorageProvider.java:244) [storage-jdbc-hikaricp-plugin-10.1.0.jar:10.1.0]
	at org.apache.skywalking.oap.server.library.module.BootstrapFlow.start(BootstrapFlow.java:46) [library-module-10.1.0.jar:10.1.0]
	at org.apache.skywalking.oap.server.library.module.ModuleManager.init(ModuleManager.java:75) [library-module-10.1.0.jar:10.1.0]
	at org.apache.skywalking.oap.server.starter.OAPServerBootstrap.start(OAPServerBootstrap.java:52) [server-starter-10.1.0.jar:10.1.0]
	at org.apache.skywalking.oap.server.starter.OAPServerStartUp.main(OAPServerStartUp.java:23) [server-starter-10.1.0.jar:10.1.0]
2025-04-07 22:13:41,231 - org.apache.skywalking.oap.server.starter.OAPServerBootstrap - 64 [main] ERROR [] - Failed to initialize pool: Unknown database 'swtest'
com.zaxxer.hikari.pool.HikariPool$PoolInitializationException: Failed to initialize pool: Unknown database 'swtest'
	at com.zaxxer.hikari.pool.HikariPool.throwPoolInitializationException(HikariPool.java:576) ~[HikariCP-3.1.0.jar:?]
	at com.zaxxer.hikari.pool.HikariPool.checkFailFast(HikariPool.java:562) ~[HikariCP-3.1.0.jar:?]
	at com.zaxxer.hikari.pool.HikariPool.<init>(HikariPool.java:115) ~[HikariCP-3.1.0.jar:?]
	at com.zaxxer.hikari.HikariDataSource.<init>(HikariDataSource.java:81) ~[HikariCP-3.1.0.jar:?]
	at org.apache.skywalking.oap.server.library.client.jdbc.hikaricp.JDBCClient.connect(JDBCClient.java:54) ~[library-client-10.1.0.jar:10.1.0]
	at org.apache.skywalking.oap.server.storage.plugin.jdbc.common.JDBCStorageProvider.start(JDBCStorageProvider.java:244) ~[storage-jdbc-hikaricp-plugin-10.1.0.jar:10.1.0]
	at org.apache.skywalking.oap.server.library.module.BootstrapFlow.start(BootstrapFlow.java:46) ~[library-module-10.1.0.jar:10.1.0]
	at org.apache.skywalking.oap.server.library.module.ModuleManager.init(ModuleManager.java:75) ~[library-module-10.1.0.jar:10.1.0]
	at org.apache.skywalking.oap.server.starter.OAPServerBootstrap.start(OAPServerBootstrap.java:52) [server-starter-10.1.0.jar:10.1.0]
	at org.apache.skywalking.oap.server.starter.OAPServerStartUp.main(OAPServerStartUp.java:23) [server-starter-10.1.0.jar:10.1.0]
Caused by: java.sql.SQLSyntaxErrorException: Unknown database 'swtest'
	at com.mysql.cj.jdbc.exceptions.SQLError.createSQLException(SQLError.java:112) ~[mysql-connector-j-9.2.0.jar:9.2.0]
	at com.mysql.cj.jdbc.exceptions.SQLExceptionsMapping.translateException(SQLExceptionsMapping.java:114) ~[mysql-connector-j-9.2.0.jar:9.2.0]
	at com.mysql.cj.jdbc.ConnectionImpl.createNewIO(ConnectionImpl.java:837) ~[mysql-connector-j-9.2.0.jar:9.2.0]
	at com.mysql.cj.jdbc.ConnectionImpl.<init>(ConnectionImpl.java:420) ~[mysql-connector-j-9.2.0.jar:9.2.0]
	at com.mysql.cj.jdbc.ConnectionImpl.getInstance(ConnectionImpl.java:238) ~[mysql-connector-j-9.2.0.jar:9.2.0]
	at com.mysql.cj.jdbc.NonRegisteringDriver.connect(NonRegisteringDriver.java:180) ~[mysql-connector-j-9.2.0.jar:9.2.0]
	at com.zaxxer.hikari.util.DriverDataSource.getConnection(DriverDataSource.java:117) ~[HikariCP-3.1.0.jar:?]
	at com.zaxxer.hikari.pool.PoolBase.newConnection(PoolBase.java:367) ~[HikariCP-3.1.0.jar:?]
	at com.zaxxer.hikari.pool.PoolBase.newPoolEntry(PoolBase.java:196) ~[HikariCP-3.1.0.jar:?]
	at com.zaxxer.hikari.pool.HikariPool.createPoolEntry(HikariPool.java:467) ~[HikariCP-3.1.0.jar:?]
	at com.zaxxer.hikari.pool.HikariPool.checkFailFast(HikariPool.java:541) ~[HikariCP-3.1.0.jar:?]
	... 8 more
2025-04-07 22:15:23,140 - org.apache.skywalking.oap.server.starter.config.ApplicationConfigLoader - 185 [main] INFO  [] - Remove module receiver-zabbix without any provider
2025-04-07 22:15:23,142 - org.apache.skywalking.oap.server.starter.config.ApplicationConfigLoader - 185 [main] INFO  [] - Remove module kafka-fetcher without any provider
2025-04-07 22:15:23,142 - org.apache.skywalking.oap.server.starter.config.ApplicationConfigLoader - 185 [main] INFO  [] - Remove module cilium-fetcher without any provider
2025-04-07 22:15:23,142 - org.apache.skywalking.oap.server.starter.config.ApplicationConfigLoader - 185 [main] INFO  [] - Remove module receiver-zipkin without any provider
2025-04-07 22:15:23,143 - org.apache.skywalking.oap.server.starter.config.ApplicationConfigLoader - 185 [main] INFO  [] - Remove module query-zipkin without any provider
2025-04-07 22:15:23,143 - org.apache.skywalking.oap.server.starter.config.ApplicationConfigLoader - 185 [main] INFO  [] - Remove module exporter without any provider
2025-04-07 22:15:23,143 - org.apache.skywalking.oap.server.starter.config.ApplicationConfigLoader - 185 [main] INFO  [] - Remove module health-checker without any provider
2025-04-07 22:15:23,143 - org.apache.skywalking.oap.server.starter.config.ApplicationConfigLoader - 78 [main] INFO  [] - Get a module define from application.yml, module name: cluster
2025-04-07 22:15:23,144 - org.apache.skywalking.oap.server.starter.config.ApplicationConfigLoader - 82 [main] INFO  [] - Get a provider define belong to cluster module, provider name: standalone
2025-04-07 22:15:23,145 - org.apache.skywalking.oap.server.starter.config.ApplicationConfigLoader - 78 [main] INFO  [] - Get a module define from application.yml, module name: core
2025-04-07 22:15:23,145 - org.apache.skywalking.oap.server.starter.config.ApplicationConfigLoader - 82 [main] INFO  [] - Get a provider define belong to core module, provider name: default
2025-04-07 22:15:23,148 - org.apache.skywalking.oap.server.starter.config.ApplicationConfigLoader - 78 [main] INFO  [] - Get a module define from application.yml, module name: storage
2025-04-07 22:15:23,148 - org.apache.skywalking.oap.server.starter.config.ApplicationConfigLoader - 82 [main] INFO  [] - Get a provider define belong to storage module, provider name: mysql
2025-04-07 22:15:23,152 - org.apache.skywalking.oap.server.starter.config.ApplicationConfigLoader - 78 [main] INFO  [] - Get a module define from application.yml, module name: agent-analyzer
2025-04-07 22:15:23,152 - org.apache.skywalking.oap.server.starter.config.ApplicationConfigLoader - 82 [main] INFO  [] - Get a provider define belong to agent-analyzer module, provider name: default
2025-04-07 22:15:23,153 - org.apache.skywalking.oap.server.starter.config.ApplicationConfigLoader - 78 [main] INFO  [] - Get a module define from application.yml, module name: log-analyzer
2025-04-07 22:15:23,153 - org.apache.skywalking.oap.server.starter.config.ApplicationConfigLoader - 82 [main] INFO  [] - Get a provider define belong to log-analyzer module, provider name: default
2025-04-07 22:15:23,153 - org.apache.skywalking.oap.server.starter.config.ApplicationConfigLoader - 78 [main] INFO  [] - Get a module define from application.yml, module name: event-analyzer
2025-04-07 22:15:23,153 - org.apache.skywalking.oap.server.starter.config.ApplicationConfigLoader - 82 [main] INFO  [] - Get a provider define belong to event-analyzer module, provider name: default
2025-04-07 22:15:23,153 - org.apache.skywalking.oap.server.starter.config.ApplicationConfigLoader - 78 [main] INFO  [] - Get a module define from application.yml, module name: receiver-sharing-server
2025-04-07 22:15:23,154 - org.apache.skywalking.oap.server.starter.config.ApplicationConfigLoader - 82 [main] INFO  [] - Get a provider define belong to receiver-sharing-server module, provider name: default
2025-04-07 22:15:23,155 - org.apache.skywalking.oap.server.starter.config.ApplicationConfigLoader - 78 [main] INFO  [] - Get a module define from application.yml, module name: receiver-register
2025-04-07 22:15:23,155 - org.apache.skywalking.oap.server.starter.config.ApplicationConfigLoader - 82 [main] INFO  [] - Get a provider define belong to receiver-register module, provider name: default
2025-04-07 22:15:23,155 - org.apache.skywalking.oap.server.starter.config.ApplicationConfigLoader - 78 [main] INFO  [] - Get a module define from application.yml, module name: receiver-trace
2025-04-07 22:15:23,155 - org.apache.skywalking.oap.server.starter.config.ApplicationConfigLoader - 82 [main] INFO  [] - Get a provider define belong to receiver-trace module, provider name: default
2025-04-07 22:15:23,155 - org.apache.skywalking.oap.server.starter.config.ApplicationConfigLoader - 78 [main] INFO  [] - Get a module define from application.yml, module name: receiver-jvm
2025-04-07 22:15:23,155 - org.apache.skywalking.oap.server.starter.config.ApplicationConfigLoader - 82 [main] INFO  [] - Get a provider define belong to receiver-jvm module, provider name: default
2025-04-07 22:15:23,156 - org.apache.skywalking.oap.server.starter.config.ApplicationConfigLoader - 78 [main] INFO  [] - Get a module define from application.yml, module name: receiver-clr
2025-04-07 22:15:23,156 - org.apache.skywalking.oap.server.starter.config.ApplicationConfigLoader - 82 [main] INFO  [] - Get a provider define belong to receiver-clr module, provider name: default
2025-04-07 22:15:23,156 - org.apache.skywalking.oap.server.starter.config.ApplicationConfigLoader - 78 [main] INFO  [] - Get a module define from application.yml, module name: receiver-profile
2025-04-07 22:15:23,156 - org.apache.skywalking.oap.server.starter.config.ApplicationConfigLoader - 82 [main] INFO  [] - Get a provider define belong to receiver-profile module, provider name: default
2025-04-07 22:15:23,156 - org.apache.skywalking.oap.server.starter.config.ApplicationConfigLoader - 78 [main] INFO  [] - Get a module define from application.yml, module name: service-mesh
2025-04-07 22:15:23,156 - org.apache.skywalking.oap.server.starter.config.ApplicationConfigLoader - 82 [main] INFO  [] - Get a provider define belong to service-mesh module, provider name: default
2025-04-07 22:15:23,156 - org.apache.skywalking.oap.server.starter.config.ApplicationConfigLoader - 78 [main] INFO  [] - Get a module define from application.yml, module name: envoy-metric
2025-04-07 22:15:23,157 - org.apache.skywalking.oap.server.starter.config.ApplicationConfigLoader - 82 [main] INFO  [] - Get a provider define belong to envoy-metric module, provider name: default
2025-04-07 22:15:23,157 - org.apache.skywalking.oap.server.starter.config.ApplicationConfigLoader - 78 [main] INFO  [] - Get a module define from application.yml, module name: receiver-meter
2025-04-07 22:15:23,157 - org.apache.skywalking.oap.server.starter.config.ApplicationConfigLoader - 82 [main] INFO  [] - Get a provider define belong to receiver-meter module, provider name: default
2025-04-07 22:15:23,157 - org.apache.skywalking.oap.server.starter.config.ApplicationConfigLoader - 78 [main] INFO  [] - Get a module define from application.yml, module name: receiver-otel
2025-04-07 22:15:23,157 - org.apache.skywalking.oap.server.starter.config.ApplicationConfigLoader - 82 [main] INFO  [] - Get a provider define belong to receiver-otel module, provider name: default
2025-04-07 22:15:23,158 - org.apache.skywalking.oap.server.starter.config.ApplicationConfigLoader - 78 [main] INFO  [] - Get a module define from application.yml, module name: receiver-browser
2025-04-07 22:15:23,158 - org.apache.skywalking.oap.server.starter.config.ApplicationConfigLoader - 82 [main] INFO  [] - Get a provider define belong to receiver-browser module, provider name: default
2025-04-07 22:15:23,158 - org.apache.skywalking.oap.server.starter.config.ApplicationConfigLoader - 78 [main] INFO  [] - Get a module define from application.yml, module name: receiver-log
2025-04-07 22:15:23,158 - org.apache.skywalking.oap.server.starter.config.ApplicationConfigLoader - 82 [main] INFO  [] - Get a provider define belong to receiver-log module, provider name: default
2025-04-07 22:15:23,158 - org.apache.skywalking.oap.server.starter.config.ApplicationConfigLoader - 78 [main] INFO  [] - Get a module define from application.yml, module name: query
2025-04-07 22:15:23,158 - org.apache.skywalking.oap.server.starter.config.ApplicationConfigLoader - 82 [main] INFO  [] - Get a provider define belong to query module, provider name: graphql
2025-04-07 22:15:23,159 - org.apache.skywalking.oap.server.starter.config.ApplicationConfigLoader - 78 [main] INFO  [] - Get a module define from application.yml, module name: promql
2025-04-07 22:15:23,159 - org.apache.skywalking.oap.server.starter.config.ApplicationConfigLoader - 82 [main] INFO  [] - Get a provider define belong to promql module, provider name: default
2025-04-07 22:15:23,160 - org.apache.skywalking.oap.server.starter.config.ApplicationConfigLoader - 78 [main] INFO  [] - Get a module define from application.yml, module name: logql
2025-04-07 22:15:23,160 - org.apache.skywalking.oap.server.starter.config.ApplicationConfigLoader - 82 [main] INFO  [] - Get a provider define belong to logql module, provider name: default
2025-04-07 22:15:23,160 - org.apache.skywalking.oap.server.starter.config.ApplicationConfigLoader - 78 [main] INFO  [] - Get a module define from application.yml, module name: alarm
2025-04-07 22:15:23,160 - org.apache.skywalking.oap.server.starter.config.ApplicationConfigLoader - 82 [main] INFO  [] - Get a provider define belong to alarm module, provider name: default
2025-04-07 22:15:23,160 - org.apache.skywalking.oap.server.starter.config.ApplicationConfigLoader - 78 [main] INFO  [] - Get a module define from application.yml, module name: telemetry
2025-04-07 22:15:23,160 - org.apache.skywalking.oap.server.starter.config.ApplicationConfigLoader - 82 [main] INFO  [] - Get a provider define belong to telemetry module, provider name: none
2025-04-07 22:15:23,160 - org.apache.skywalking.oap.server.starter.config.ApplicationConfigLoader - 78 [main] INFO  [] - Get a module define from application.yml, module name: configuration
2025-04-07 22:15:23,161 - org.apache.skywalking.oap.server.starter.config.ApplicationConfigLoader - 82 [main] INFO  [] - Get a provider define belong to configuration module, provider name: none
2025-04-07 22:15:23,161 - org.apache.skywalking.oap.server.starter.config.ApplicationConfigLoader - 78 [main] INFO  [] - Get a module define from application.yml, module name: debugging-query
2025-04-07 22:15:23,161 - org.apache.skywalking.oap.server.starter.config.ApplicationConfigLoader - 82 [main] INFO  [] - Get a provider define belong to debugging-query module, provider name: default
2025-04-07 22:15:23,161 - org.apache.skywalking.oap.server.starter.config.ApplicationConfigLoader - 78 [main] INFO  [] - Get a module define from application.yml, module name: configuration-discovery
2025-04-07 22:15:23,161 - org.apache.skywalking.oap.server.starter.config.ApplicationConfigLoader - 82 [main] INFO  [] - Get a provider define belong to configuration-discovery module, provider name: default
2025-04-07 22:15:23,161 - org.apache.skywalking.oap.server.starter.config.ApplicationConfigLoader - 78 [main] INFO  [] - Get a module define from application.yml, module name: receiver-event
2025-04-07 22:15:23,161 - org.apache.skywalking.oap.server.starter.config.ApplicationConfigLoader - 82 [main] INFO  [] - Get a provider define belong to receiver-event module, provider name: default
2025-04-07 22:15:23,162 - org.apache.skywalking.oap.server.starter.config.ApplicationConfigLoader - 78 [main] INFO  [] - Get a module define from application.yml, module name: receiver-ebpf
2025-04-07 22:15:23,162 - org.apache.skywalking.oap.server.starter.config.ApplicationConfigLoader - 82 [main] INFO  [] - Get a provider define belong to receiver-ebpf module, provider name: default
2025-04-07 22:15:23,163 - org.apache.skywalking.oap.server.starter.config.ApplicationConfigLoader - 78 [main] INFO  [] - Get a module define from application.yml, module name: receiver-telegraf
2025-04-07 22:15:23,163 - org.apache.skywalking.oap.server.starter.config.ApplicationConfigLoader - 82 [main] INFO  [] - Get a provider define belong to receiver-telegraf module, provider name: default
2025-04-07 22:15:23,164 - org.apache.skywalking.oap.server.starter.config.ApplicationConfigLoader - 78 [main] INFO  [] - Get a module define from application.yml, module name: aws-firehose
2025-04-07 22:15:23,164 - org.apache.skywalking.oap.server.starter.config.ApplicationConfigLoader - 82 [main] INFO  [] - Get a provider define belong to aws-firehose module, provider name: default
2025-04-07 22:15:23,164 - org.apache.skywalking.oap.server.starter.config.ApplicationConfigLoader - 126 [main] INFO  [] - Provider=default config=firehoseAccessKey has been set as an empty string
2025-04-07 22:15:23,165 - org.apache.skywalking.oap.server.starter.config.ApplicationConfigLoader - 126 [main] INFO  [] - Provider=default config=tlsKeyPath has been set as an empty string
2025-04-07 22:15:23,165 - org.apache.skywalking.oap.server.starter.config.ApplicationConfigLoader - 126 [main] INFO  [] - Provider=default config=tlsCertChainPath has been set as an empty string
2025-04-07 22:15:23,165 - org.apache.skywalking.oap.server.starter.config.ApplicationConfigLoader - 78 [main] INFO  [] - Get a module define from application.yml, module name: ai-pipeline
2025-04-07 22:15:23,165 - org.apache.skywalking.oap.server.starter.config.ApplicationConfigLoader - 82 [main] INFO  [] - Get a provider define belong to ai-pipeline module, provider name: default
2025-04-07 22:15:23,165 - org.apache.skywalking.oap.server.starter.config.ApplicationConfigLoader - 126 [main] INFO  [] - Provider=default config=uriRecognitionServerAddr has been set as an empty string
2025-04-07 22:15:23,278 - org.apache.skywalking.oap.server.library.module.ModuleDefine - 94 [main] INFO  [] - Prepare the default provider in agent-analyzer module.
2025-04-07 22:15:23,281 - org.apache.skywalking.oap.server.analyzer.provider.trace.UninstrumentedGatewaysConfig - 56 [main] INFO  [] - Default configured gateways: null
2025-04-07 22:15:23,281 - org.apache.skywalking.oap.server.analyzer.provider.trace.UninstrumentedGatewaysConfig - 83 [main] INFO  [] - Updating uninstrumented gateways with: null
2025-04-07 22:15:23,284 - org.apache.skywalking.oap.server.analyzer.provider.trace.TraceSamplingPolicyWatcher - 133 [main] INFO  [] - [trace-sampling-policy] use trace-sample-policy in static file : SamplingPolicySettings(defaultPolicy=SamplingPolicy(rate=10000, duration=-1), services={})
2025-04-07 22:15:23,314 - org.apache.skywalking.oap.server.library.module.ModuleDefine - 94 [main] INFO  [] - Prepare the default provider in ai-pipeline module.
2025-04-07 22:15:23,315 - org.apache.skywalking.oap.server.library.module.ModuleDefine - 94 [main] INFO  [] - Prepare the default provider in aws-firehose module.
2025-04-07 22:15:23,345 - com.linecorp.armeria.common.Flags - 1717 [main] INFO  [] - verboseExceptions: rate-limit=10 (default)
2025-04-07 22:15:23,472 - com.linecorp.armeria.common.Flags - 1717 [main] INFO  [] - useEpoll: false (default)
2025-04-07 22:15:23,487 - com.linecorp.armeria.common.Flags - 1717 [main] INFO  [] - annotatedServiceExceptionVerbosity: unhandled (default)
2025-04-07 22:15:23,842 - com.linecorp.armeria.common.Flags - 630 [main] INFO  [] - Using Tls engine: OpenSSL BoringSSL, 0x1010107f
2025-04-07 22:15:24,243 - com.linecorp.armeria.server.docs.DocStringExtractor - 134 [main] INFO  [] - Using com.linecorp.armeria.grpc.descriptorDir: META-INF/armeria/grpc
2025-04-07 22:15:24,452 - org.apache.skywalking.oap.server.library.server.http.HTTPServer - 98 [main] INFO  [] - Server root context path: /
2025-04-07 22:15:24,454 - org.apache.skywalking.oap.server.library.module.ModuleDefine - 94 [main] INFO  [] - Prepare the none provider in configuration module.
2025-04-07 22:15:24,455 - org.apache.skywalking.oap.server.library.module.ModuleDefine - 94 [main] INFO  [] - Prepare the default provider in configuration-discovery module.
2025-04-07 22:15:24,460 - org.apache.skywalking.oap.server.library.module.ModuleDefine - 94 [main] INFO  [] - Prepare the default provider in debugging-query module.
2025-04-07 22:15:24,461 - org.apache.skywalking.oap.server.library.module.ModuleDefine - 94 [main] INFO  [] - Prepare the default provider in envoy-metric module.
2025-04-07 22:15:24,468 - org.apache.skywalking.oap.server.library.module.ModuleDefine - 94 [main] INFO  [] - Prepare the default provider in event-analyzer module.
2025-04-07 22:15:24,469 - org.apache.skywalking.oap.server.library.module.ModuleDefine - 94 [main] INFO  [] - Prepare the default provider in log-analyzer module.
2025-04-07 22:15:24,470 - org.apache.skywalking.oap.server.library.module.ModuleDefine - 94 [main] INFO  [] - Prepare the default provider in logql module.
2025-04-07 22:15:24,471 - org.apache.skywalking.oap.server.library.module.ModuleDefine - 94 [main] INFO  [] - Prepare the default provider in receiver-otel module.
2025-04-07 22:15:24,481 - org.apache.skywalking.oap.server.library.module.ModuleDefine - 94 [main] INFO  [] - Prepare the default provider in promql module.
2025-04-07 22:15:24,482 - org.apache.skywalking.oap.server.library.module.ModuleDefine - 94 [main] INFO  [] - Prepare the mysql provider in storage module.
2025-04-07 22:15:24,543 - org.apache.skywalking.oap.server.library.module.ModuleDefine - 94 [main] INFO  [] - Prepare the standalone provider in cluster module.
2025-04-07 22:15:24,544 - org.apache.skywalking.oap.server.library.module.ModuleDefine - 94 [main] INFO  [] - Prepare the default provider in core module.
2025-04-07 22:15:25,662 - org.apache.skywalking.oap.server.library.server.http.HTTPServer - 98 [main] INFO  [] - Server root context path: /
2025-04-07 22:15:26,153 - org.apache.skywalking.oap.server.library.module.ModuleDefine - 94 [main] INFO  [] - Prepare the graphql provider in query module.
2025-04-07 22:15:26,168 - org.apache.skywalking.oap.server.library.module.ModuleDefine - 94 [main] INFO  [] - Prepare the default provider in alarm module.
2025-04-07 22:15:26,177 - org.apache.skywalking.oap.server.core.alarm.provider.AlarmRulesWatcher - 134 [main] INFO  [] - Update alarm rules to Rules(rules=[], webhookSettingsMap={}, grpcAlarmSettingMap={}, slackSettingsMap={}, wechatSettingsMap={}, dingtalkSettingsMap={}, feishuSettingsMap={}, weLinkSettingsMap={}, pagerDutySettingsMap={}, discordSettingsMap={})
2025-04-07 22:15:26,178 - org.apache.skywalking.oap.server.library.module.ModuleDefine - 94 [main] INFO  [] - Prepare the default provider in receiver-browser module.
2025-04-07 22:15:26,179 - org.apache.skywalking.oap.server.library.module.ModuleDefine - 94 [main] INFO  [] - Prepare the default provider in receiver-clr module.
2025-04-07 22:15:26,179 - org.apache.skywalking.oap.server.library.module.ModuleDefine - 94 [main] INFO  [] - Prepare the default provider in receiver-ebpf module.
2025-04-07 22:15:26,180 - org.apache.skywalking.oap.server.library.module.ModuleDefine - 94 [main] INFO  [] - Prepare the default provider in receiver-event module.
2025-04-07 22:15:26,180 - org.apache.skywalking.oap.server.library.module.ModuleDefine - 94 [main] INFO  [] - Prepare the default provider in receiver-jvm module.
2025-04-07 22:15:26,180 - org.apache.skywalking.oap.server.library.module.ModuleDefine - 94 [main] INFO  [] - Prepare the default provider in receiver-log module.
2025-04-07 22:15:26,180 - org.apache.skywalking.oap.server.library.module.ModuleDefine - 94 [main] INFO  [] - Prepare the default provider in receiver-register module.
2025-04-07 22:15:26,181 - org.apache.skywalking.oap.server.library.module.ModuleDefine - 94 [main] INFO  [] - Prepare the default provider in service-mesh module.
2025-04-07 22:15:26,181 - org.apache.skywalking.oap.server.library.module.ModuleDefine - 94 [main] INFO  [] - Prepare the default provider in receiver-meter module.
2025-04-07 22:15:26,181 - org.apache.skywalking.oap.server.library.module.ModuleDefine - 94 [main] INFO  [] - Prepare the default provider in receiver-profile module.
2025-04-07 22:15:26,181 - org.apache.skywalking.oap.server.library.module.ModuleDefine - 94 [main] INFO  [] - Prepare the default provider in receiver-sharing-server module.
2025-04-07 22:15:26,182 - org.apache.skywalking.oap.server.library.module.ModuleDefine - 94 [main] INFO  [] - Prepare the default provider in receiver-telegraf module.
2025-04-07 22:15:26,188 - org.apache.skywalking.oap.server.library.module.ModuleDefine - 94 [main] INFO  [] - Prepare the default provider in receiver-trace module.
2025-04-07 22:15:26,188 - org.apache.skywalking.oap.server.library.module.ModuleDefine - 94 [main] INFO  [] - Prepare the none provider in telemetry module.
2025-04-07 22:15:26,189 - org.apache.skywalking.oap.server.library.module.BootstrapFlow - 43 [main] INFO  [] - start the provider standalone in cluster module.
2025-04-07 22:15:26,190 - org.apache.skywalking.oap.server.library.module.BootstrapFlow - 43 [main] INFO  [] - start the provider none in configuration module.
2025-04-07 22:15:26,190 - org.apache.skywalking.oap.server.library.module.BootstrapFlow - 43 [main] INFO  [] - start the provider default in ai-pipeline module.
2025-04-07 22:15:26,190 - org.apache.skywalking.oap.server.library.module.BootstrapFlow - 43 [main] INFO  [] - start the provider graphql in query module.
2025-04-07 22:15:26,987 - graphql.kickstart.tools.SchemaClassScanner - 183 [main] WARN  [] - Schema type was defined but can never be accessed, and can be safely deleted: ProfiledSegment
2025-04-07 22:15:27,442 - org.apache.skywalking.oap.server.library.server.http.HTTPServer - 107 [main] INFO  [] - Bind handler GraphQLQueryHandler into http server 0.0.0.0:12800
2025-04-07 22:15:27,444 - org.apache.skywalking.oap.server.library.module.BootstrapFlow - 43 [main] INFO  [] - start the provider none in telemetry module.
2025-04-07 22:15:27,444 - org.apache.skywalking.oap.server.library.module.BootstrapFlow - 43 [main] INFO  [] - start the provider default in core module.
2025-04-07 22:15:27,644 - org.apache.skywalking.oap.server.core.analysis.DispatcherManager - 117 [main] INFO  [] - Dispatcher org.apache.skywalking.oap.server.core.analysis.manual.cache.CacheSlowAccessDispatcher is added into DefaultScopeDefine 56.
2025-04-07 22:15:27,645 - org.apache.skywalking.oap.server.core.analysis.DispatcherManager - 117 [main] INFO  [] - Dispatcher org.apache.skywalking.oap.server.core.analysis.manual.database.DatabaseStatementDispatcher is added into DefaultScopeDefine 18.
2025-04-07 22:15:27,645 - org.apache.skywalking.oap.server.core.analysis.DispatcherManager - 117 [main] INFO  [] - Dispatcher org.apache.skywalking.oap.server.core.analysis.manual.endpoint.EndpointMetaDispatcher is added into DefaultScopeDefine 42.
2025-04-07 22:15:27,646 - org.apache.skywalking.oap.server.core.analysis.DispatcherManager - 117 [main] INFO  [] - Dispatcher org.apache.skywalking.oap.server.core.analysis.manual.endpoint.EndpointTrafficDispatcher is added into DefaultScopeDefine 3.
2025-04-07 22:15:27,646 - org.apache.skywalking.oap.server.core.analysis.DispatcherManager - 117 [main] INFO  [] - Dispatcher org.apache.skywalking.oap.server.core.analysis.manual.endpoint.HubbleEndpointDispatcher is added into DefaultScopeDefine 82.
2025-04-07 22:15:27,646 - org.apache.skywalking.oap.server.core.analysis.DispatcherManager - 117 [main] INFO  [] - Dispatcher org.apache.skywalking.oap.server.core.analysis.manual.endpoint.K8SEndpointTrafficDispatcher is added into DefaultScopeDefine 76.
2025-04-07 22:15:27,647 - org.apache.skywalking.oap.server.core.analysis.DispatcherManager - 117 [main] INFO  [] - Dispatcher org.apache.skywalking.oap.server.core.analysis.manual.instance.HubbleInstanceTrafficDispatcher is added into DefaultScopeDefine 79.
2025-04-07 22:15:27,647 - org.apache.skywalking.oap.server.core.analysis.DispatcherManager - 117 [main] INFO  [] - Dispatcher org.apache.skywalking.oap.server.core.analysis.manual.instance.InstanceTrafficDispatcher is added into DefaultScopeDefine 2.
2025-04-07 22:15:27,647 - org.apache.skywalking.oap.server.core.analysis.DispatcherManager - 117 [main] INFO  [] - Dispatcher org.apache.skywalking.oap.server.core.analysis.manual.instance.InstanceUpdateDispatcher is added into DefaultScopeDefine 30.
2025-04-07 22:15:27,647 - org.apache.skywalking.oap.server.core.analysis.DispatcherManager - 117 [main] INFO  [] - Dispatcher org.apache.skywalking.oap.server.core.analysis.manual.instance.K8SInstanceTrafficDispatcher is added into DefaultScopeDefine 73.
2025-04-07 22:15:27,647 - org.apache.skywalking.oap.server.core.analysis.DispatcherManager - 117 [main] INFO  [] - Dispatcher org.apache.skywalking.oap.server.core.analysis.manual.instance.TCPInstanceTrafficDispatcher is added into DefaultScopeDefine 58.
2025-04-07 22:15:27,647 - org.apache.skywalking.oap.server.core.analysis.DispatcherManager - 117 [main] INFO  [] - Dispatcher org.apache.skywalking.oap.server.core.analysis.manual.instance.TCPInstanceUpdateDispatcher is added into DefaultScopeDefine 61.
2025-04-07 22:15:27,647 - org.apache.skywalking.oap.server.core.analysis.DispatcherManager - 117 [main] INFO  [] - Dispatcher org.apache.skywalking.oap.server.core.analysis.manual.log.LogRecordDispatcher is added into DefaultScopeDefine 41.
2025-04-07 22:15:27,647 - org.apache.skywalking.oap.server.core.analysis.DispatcherManager - 117 [main] INFO  [] - Dispatcher org.apache.skywalking.oap.server.core.analysis.manual.networkalias.NetworkAddressAliasSetupDispatcher is added into DefaultScopeDefine 31.
2025-04-07 22:15:27,647 - org.apache.skywalking.oap.server.core.analysis.DispatcherManager - 117 [main] INFO  [] - Dispatcher org.apache.skywalking.oap.server.core.analysis.manual.process.ProcessDispatcher is added into DefaultScopeDefine 45.
2025-04-07 22:15:27,648 - org.apache.skywalking.oap.server.core.analysis.DispatcherManager - 117 [main] INFO  [] - Dispatcher org.apache.skywalking.oap.server.core.analysis.manual.process.ProcessLabelDispatcher is added into DefaultScopeDefine 49.
2025-04-07 22:15:27,648 - org.apache.skywalking.oap.server.core.analysis.DispatcherManager - 117 [main] INFO  [] - Dispatcher org.apache.skywalking.oap.server.core.analysis.manual.relation.endpoint.EndpointCallRelationDispatcher is added into DefaultScopeDefine 6.
2025-04-07 22:15:27,648 - org.apache.skywalking.oap.server.core.analysis.DispatcherManager - 117 [main] INFO  [] - Dispatcher org.apache.skywalking.oap.server.core.analysis.manual.relation.endpoint.HubbleEndpointCallRelationDispatcher is added into DefaultScopeDefine 83.
2025-04-07 22:15:27,648 - org.apache.skywalking.oap.server.core.analysis.DispatcherManager - 117 [main] INFO  [] - Dispatcher org.apache.skywalking.oap.server.core.analysis.manual.relation.instance.HubbleServiceInstanceCallRelationDispatcher is added into DefaultScopeDefine 81.
2025-04-07 22:15:27,648 - org.apache.skywalking.oap.server.core.analysis.DispatcherManager - 117 [main] INFO  [] - Dispatcher org.apache.skywalking.oap.server.core.analysis.manual.relation.instance.K8SServiceInstanceCallRelationDispatcher is added into DefaultScopeDefine 75.
2025-04-07 22:15:27,648 - org.apache.skywalking.oap.server.core.analysis.DispatcherManager - 117 [main] INFO  [] - Dispatcher org.apache.skywalking.oap.server.core.analysis.manual.relation.instance.ServiceInstanceCallRelationDispatcher is added into DefaultScopeDefine 5.
2025-04-07 22:15:27,648 - org.apache.skywalking.oap.server.core.analysis.DispatcherManager - 117 [main] INFO  [] - Dispatcher org.apache.skywalking.oap.server.core.analysis.manual.relation.instance.TCPServiceInstanceCallRelationDispatcher is added into DefaultScopeDefine 60.
2025-04-07 22:15:27,648 - org.apache.skywalking.oap.server.core.analysis.DispatcherManager - 117 [main] INFO  [] - Dispatcher org.apache.skywalking.oap.server.core.analysis.manual.relation.process.ProcessRelationDispatcher is added into DefaultScopeDefine 54.
2025-04-07 22:15:27,649 - org.apache.skywalking.oap.server.core.analysis.DispatcherManager - 117 [main] INFO  [] - Dispatcher org.apache.skywalking.oap.server.core.analysis.manual.relation.service.HubbleServiceCallRelationDispatcher is added into DefaultScopeDefine 80.
2025-04-07 22:15:27,649 - org.apache.skywalking.oap.server.core.analysis.DispatcherManager - 117 [main] INFO  [] - Dispatcher org.apache.skywalking.oap.server.core.analysis.manual.relation.service.K8SServiceCallRelationDispatcher is added into DefaultScopeDefine 74.
2025-04-07 22:15:27,649 - org.apache.skywalking.oap.server.core.analysis.DispatcherManager - 117 [main] INFO  [] - Dispatcher org.apache.skywalking.oap.server.core.analysis.manual.relation.service.ServiceCallRelationDispatcher is added into DefaultScopeDefine 4.
2025-04-07 22:15:27,650 - org.apache.skywalking.oap.server.core.analysis.DispatcherManager - 117 [main] INFO  [] - Dispatcher org.apache.skywalking.oap.server.core.analysis.manual.relation.service.TCPServiceCallRelationDispatcher is added into DefaultScopeDefine 59.
2025-04-07 22:15:27,650 - org.apache.skywalking.oap.server.core.analysis.DispatcherManager - 117 [main] INFO  [] - Dispatcher org.apache.skywalking.oap.server.core.analysis.manual.searchtag.TagAutocompleteDispatcher is added into DefaultScopeDefine 50.
2025-04-07 22:15:27,650 - org.apache.skywalking.oap.server.core.analysis.DispatcherManager - 117 [main] INFO  [] - Dispatcher org.apache.skywalking.oap.server.core.analysis.manual.segment.SegmentDispatcher is added into DefaultScopeDefine 12.
2025-04-07 22:15:27,650 - org.apache.skywalking.oap.server.core.analysis.DispatcherManager - 117 [main] INFO  [] - Dispatcher org.apache.skywalking.oap.server.core.analysis.manual.service.HubbleServiceTrafficDispatcher is added into DefaultScopeDefine 78.
2025-04-07 22:15:27,650 - org.apache.skywalking.oap.server.core.analysis.DispatcherManager - 117 [main] INFO  [] - Dispatcher org.apache.skywalking.oap.server.core.analysis.manual.service.K8SServiceTrafficDispatcher is added into DefaultScopeDefine 72.
2025-04-07 22:15:27,650 - org.apache.skywalking.oap.server.core.analysis.DispatcherManager - 117 [main] INFO  [] - Dispatcher org.apache.skywalking.oap.server.core.analysis.manual.service.ServiceMetaDispatcher is added into DefaultScopeDefine 29.
2025-04-07 22:15:27,650 - org.apache.skywalking.oap.server.core.analysis.DispatcherManager - 117 [main] INFO  [] - Dispatcher org.apache.skywalking.oap.server.core.analysis.manual.service.ServiceTrafficDispatcher is added into DefaultScopeDefine 1.
2025-04-07 22:15:27,650 - org.apache.skywalking.oap.server.core.analysis.DispatcherManager - 117 [main] INFO  [] - Dispatcher org.apache.skywalking.oap.server.core.analysis.manual.service.TCPServiceTrafficDispatcher is added into DefaultScopeDefine 57.
2025-04-07 22:15:27,651 - org.apache.skywalking.oap.server.core.analysis.DispatcherManager - 117 [main] INFO  [] - Dispatcher org.apache.skywalking.oap.server.core.browser.manual.endpoint.BrowserAppPageTrafficDispatcher is added into DefaultScopeDefine 40.
2025-04-07 22:15:27,651 - org.apache.skywalking.oap.server.core.analysis.DispatcherManager - 117 [main] INFO  [] - Dispatcher org.apache.skywalking.oap.server.core.browser.manual.errorlog.BrowserErrorLogRecordDispatcher is added into DefaultScopeDefine 34.
2025-04-07 22:15:27,651 - org.apache.skywalking.oap.server.core.analysis.DispatcherManager - 117 [main] INFO  [] - Dispatcher org.apache.skywalking.oap.server.core.browser.manual.instance.BrowserAppSingleVersionTrafficDispatcher is added into DefaultScopeDefine 39.
2025-04-07 22:15:27,651 - org.apache.skywalking.oap.server.core.analysis.DispatcherManager - 117 [main] INFO  [] - Dispatcher org.apache.skywalking.oap.server.core.browser.manual.service.BrowserAppTrafficDispatcher is added into DefaultScopeDefine 38.
2025-04-07 22:15:27,651 - org.apache.skywalking.oap.server.core.analysis.DispatcherManager - 117 [main] INFO  [] - Dispatcher org.apache.skywalking.oap.server.core.hierarchy.instance.InstanceHierarchyTrafficRelationDispatcher is added into DefaultScopeDefine 71.
2025-04-07 22:15:27,652 - org.apache.skywalking.oap.server.core.analysis.DispatcherManager - 117 [main] INFO  [] - Dispatcher org.apache.skywalking.oap.server.core.hierarchy.service.ServiceHierarchyTrafficRelationDispatcher is added into DefaultScopeDefine 70.
2025-04-07 22:15:27,652 - org.apache.skywalking.oap.server.core.analysis.DispatcherManager - 117 [main] INFO  [] - Dispatcher org.apache.skywalking.oap.server.core.profiling.ebpf.storage.EBPFProcessProfilingDataDispatcher is added into DefaultScopeDefine 48.
2025-04-07 22:15:27,652 - org.apache.skywalking.oap.server.core.analysis.DispatcherManager - 117 [main] INFO  [] - Dispatcher org.apache.skywalking.oap.server.core.profiling.ebpf.storage.EBPFProcessProfilingScheduleDispatcher is added into DefaultScopeDefine 47.
2025-04-07 22:15:27,653 - org.apache.skywalking.oap.server.core.analysis.DispatcherManager - 117 [main] INFO  [] - Dispatcher org.apache.skywalking.oap.server.core.zipkin.dispatcher.ZipkinServiceDispatcher is added into DefaultScopeDefine 51.
2025-04-07 22:15:27,653 - org.apache.skywalking.oap.server.core.analysis.DispatcherManager - 117 [main] INFO  [] - Dispatcher org.apache.skywalking.oap.server.core.zipkin.dispatcher.ZipkinServiceRelationDispatcher is added into DefaultScopeDefine 53.
2025-04-07 22:15:27,653 - org.apache.skywalking.oap.server.core.analysis.DispatcherManager - 117 [main] INFO  [] - Dispatcher org.apache.skywalking.oap.server.core.zipkin.dispatcher.ZipkinServiceSpanDispatcher is added into DefaultScopeDefine 52.
2025-04-07 22:15:27,653 - org.apache.skywalking.oap.server.core.analysis.DispatcherManager - 117 [main] INFO  [] - Dispatcher org.apache.skywalking.oap.server.core.zipkin.dispatcher.ZipkinSpanRecordDispatcher is added into DefaultScopeDefine 23.
2025-04-07 22:15:27,795 - org.apache.skywalking.oap.server.library.module.BootstrapFlow - 43 [main] INFO  [] - start the provider default in agent-analyzer module.
2025-04-07 22:15:28,509 - org.apache.skywalking.oap.server.core.analysis.DispatcherManager - 117 [main] INFO  [] - Dispatcher org.apache.skywalking.oap.server.core.source.oal.rt.dispatcher.MQEndpointAccessDispatcher is added into DefaultScopeDefine 64.
2025-04-07 22:15:28,509 - org.apache.skywalking.oap.server.core.analysis.DispatcherManager - 117 [main] INFO  [] - Dispatcher org.apache.skywalking.oap.server.core.source.oal.rt.dispatcher.EndpointRelationDispatcher is added into DefaultScopeDefine 6.
2025-04-07 22:15:28,509 - org.apache.skywalking.oap.server.core.analysis.DispatcherManager - 117 [main] INFO  [] - Dispatcher org.apache.skywalking.oap.server.core.source.oal.rt.dispatcher.ServiceRelationDispatcher is added into DefaultScopeDefine 4.
2025-04-07 22:15:28,510 - org.apache.skywalking.oap.server.core.analysis.DispatcherManager - 117 [main] INFO  [] - Dispatcher org.apache.skywalking.oap.server.core.source.oal.rt.dispatcher.EndpointDispatcher is added into DefaultScopeDefine 3.
2025-04-07 22:15:28,510 - org.apache.skywalking.oap.server.core.analysis.DispatcherManager - 117 [main] INFO  [] - Dispatcher org.apache.skywalking.oap.server.core.source.oal.rt.dispatcher.DatabaseAccessDispatcher is added into DefaultScopeDefine 17.
2025-04-07 22:15:28,510 - org.apache.skywalking.oap.server.core.analysis.DispatcherManager - 117 [main] INFO  [] - Dispatcher org.apache.skywalking.oap.server.core.source.oal.rt.dispatcher.MQAccessDispatcher is added into DefaultScopeDefine 63.
2025-04-07 22:15:28,510 - org.apache.skywalking.oap.server.core.analysis.DispatcherManager - 117 [main] INFO  [] - Dispatcher org.apache.skywalking.oap.server.core.source.oal.rt.dispatcher.CacheAccessDispatcher is added into DefaultScopeDefine 55.
2025-04-07 22:15:28,510 - org.apache.skywalking.oap.server.core.analysis.DispatcherManager - 117 [main] INFO  [] - Dispatcher org.apache.skywalking.oap.server.core.source.oal.rt.dispatcher.ServiceInstanceDispatcher is added into DefaultScopeDefine 2.
2025-04-07 22:15:28,510 - org.apache.skywalking.oap.server.core.analysis.DispatcherManager - 117 [main] INFO  [] - Dispatcher org.apache.skywalking.oap.server.core.source.oal.rt.dispatcher.ServiceDispatcher is added into DefaultScopeDefine 1.
2025-04-07 22:15:28,510 - org.apache.skywalking.oap.server.core.analysis.DispatcherManager - 117 [main] INFO  [] - Dispatcher org.apache.skywalking.oap.server.core.source.oal.rt.dispatcher.ServiceInstanceRelationDispatcher is added into DefaultScopeDefine 5.
2025-04-07 22:15:29,389 - org.apache.skywalking.oap.server.library.module.BootstrapFlow - 43 [main] INFO  [] - start the provider default in logql module.
2025-04-07 22:15:29,454 - org.apache.skywalking.oap.server.library.server.http.HTTPServer - 98 [main] INFO  [] - Server root context path: /
2025-04-07 22:15:29,455 - org.apache.skywalking.oap.server.library.server.http.HTTPServer - 107 [main] INFO  [] - Bind handler LogQLApiHandler into http server 0.0.0.0:3100
2025-04-07 22:15:29,455 - org.apache.skywalking.oap.server.library.module.BootstrapFlow - 43 [main] INFO  [] - start the provider default in event-analyzer module.
2025-04-07 22:15:29,455 - org.apache.skywalking.oap.server.library.module.BootstrapFlow - 43 [main] INFO  [] - start the provider mysql in storage module.
2025-04-07 22:15:29,458 - com.zaxxer.hikari.HikariDataSource - 80 [main] INFO  [] - HikariPool-1 - Starting...
2025-04-07 22:15:30,645 - com.zaxxer.hikari.pool.HikariPool - 574 [main] ERROR [] - HikariPool-1 - Exception during pool initialization.
java.sql.SQLSyntaxErrorException: Unknown database 'swtest'
	at com.mysql.cj.jdbc.exceptions.SQLError.createSQLException(SQLError.java:112) ~[mysql-connector-j-9.2.0.jar:9.2.0]
	at com.mysql.cj.jdbc.exceptions.SQLExceptionsMapping.translateException(SQLExceptionsMapping.java:114) ~[mysql-connector-j-9.2.0.jar:9.2.0]
	at com.mysql.cj.jdbc.ConnectionImpl.createNewIO(ConnectionImpl.java:837) ~[mysql-connector-j-9.2.0.jar:9.2.0]
	at com.mysql.cj.jdbc.ConnectionImpl.<init>(ConnectionImpl.java:420) ~[mysql-connector-j-9.2.0.jar:9.2.0]
	at com.mysql.cj.jdbc.ConnectionImpl.getInstance(ConnectionImpl.java:238) ~[mysql-connector-j-9.2.0.jar:9.2.0]
	at com.mysql.cj.jdbc.NonRegisteringDriver.connect(NonRegisteringDriver.java:180) ~[mysql-connector-j-9.2.0.jar:9.2.0]
	at com.zaxxer.hikari.util.DriverDataSource.getConnection(DriverDataSource.java:117) ~[HikariCP-3.1.0.jar:?]
	at com.zaxxer.hikari.pool.PoolBase.newConnection(PoolBase.java:367) ~[HikariCP-3.1.0.jar:?]
	at com.zaxxer.hikari.pool.PoolBase.newPoolEntry(PoolBase.java:196) ~[HikariCP-3.1.0.jar:?]
	at com.zaxxer.hikari.pool.HikariPool.createPoolEntry(HikariPool.java:467) [HikariCP-3.1.0.jar:?]
	at com.zaxxer.hikari.pool.HikariPool.checkFailFast(HikariPool.java:541) [HikariCP-3.1.0.jar:?]
	at com.zaxxer.hikari.pool.HikariPool.<init>(HikariPool.java:115) [HikariCP-3.1.0.jar:?]
	at com.zaxxer.hikari.HikariDataSource.<init>(HikariDataSource.java:81) [HikariCP-3.1.0.jar:?]
	at org.apache.skywalking.oap.server.library.client.jdbc.hikaricp.JDBCClient.connect(JDBCClient.java:54) [library-client-10.1.0.jar:10.1.0]
	at org.apache.skywalking.oap.server.storage.plugin.jdbc.common.JDBCStorageProvider.start(JDBCStorageProvider.java:244) [storage-jdbc-hikaricp-plugin-10.1.0.jar:10.1.0]
	at org.apache.skywalking.oap.server.library.module.BootstrapFlow.start(BootstrapFlow.java:46) [library-module-10.1.0.jar:10.1.0]
	at org.apache.skywalking.oap.server.library.module.ModuleManager.init(ModuleManager.java:75) [library-module-10.1.0.jar:10.1.0]
	at org.apache.skywalking.oap.server.starter.OAPServerBootstrap.start(OAPServerBootstrap.java:52) [server-starter-10.1.0.jar:10.1.0]
	at org.apache.skywalking.oap.server.starter.OAPServerStartUp.main(OAPServerStartUp.java:23) [server-starter-10.1.0.jar:10.1.0]
2025-04-07 22:15:30,648 - org.apache.skywalking.oap.server.starter.OAPServerBootstrap - 64 [main] ERROR [] - Failed to initialize pool: Unknown database 'swtest'
com.zaxxer.hikari.pool.HikariPool$PoolInitializationException: Failed to initialize pool: Unknown database 'swtest'
	at com.zaxxer.hikari.pool.HikariPool.throwPoolInitializationException(HikariPool.java:576) ~[HikariCP-3.1.0.jar:?]
	at com.zaxxer.hikari.pool.HikariPool.checkFailFast(HikariPool.java:562) ~[HikariCP-3.1.0.jar:?]
	at com.zaxxer.hikari.pool.HikariPool.<init>(HikariPool.java:115) ~[HikariCP-3.1.0.jar:?]
	at com.zaxxer.hikari.HikariDataSource.<init>(HikariDataSource.java:81) ~[HikariCP-3.1.0.jar:?]
	at org.apache.skywalking.oap.server.library.client.jdbc.hikaricp.JDBCClient.connect(JDBCClient.java:54) ~[library-client-10.1.0.jar:10.1.0]
	at org.apache.skywalking.oap.server.storage.plugin.jdbc.common.JDBCStorageProvider.start(JDBCStorageProvider.java:244) ~[storage-jdbc-hikaricp-plugin-10.1.0.jar:10.1.0]
	at org.apache.skywalking.oap.server.library.module.BootstrapFlow.start(BootstrapFlow.java:46) ~[library-module-10.1.0.jar:10.1.0]
	at org.apache.skywalking.oap.server.library.module.ModuleManager.init(ModuleManager.java:75) ~[library-module-10.1.0.jar:10.1.0]
	at org.apache.skywalking.oap.server.starter.OAPServerBootstrap.start(OAPServerBootstrap.java:52) [server-starter-10.1.0.jar:10.1.0]
	at org.apache.skywalking.oap.server.starter.OAPServerStartUp.main(OAPServerStartUp.java:23) [server-starter-10.1.0.jar:10.1.0]
Caused by: java.sql.SQLSyntaxErrorException: Unknown database 'swtest'
	at com.mysql.cj.jdbc.exceptions.SQLError.createSQLException(SQLError.java:112) ~[mysql-connector-j-9.2.0.jar:9.2.0]
	at com.mysql.cj.jdbc.exceptions.SQLExceptionsMapping.translateException(SQLExceptionsMapping.java:114) ~[mysql-connector-j-9.2.0.jar:9.2.0]
	at com.mysql.cj.jdbc.ConnectionImpl.createNewIO(ConnectionImpl.java:837) ~[mysql-connector-j-9.2.0.jar:9.2.0]
	at com.mysql.cj.jdbc.ConnectionImpl.<init>(ConnectionImpl.java:420) ~[mysql-connector-j-9.2.0.jar:9.2.0]
	at com.mysql.cj.jdbc.ConnectionImpl.getInstance(ConnectionImpl.java:238) ~[mysql-connector-j-9.2.0.jar:9.2.0]
	at com.mysql.cj.jdbc.NonRegisteringDriver.connect(NonRegisteringDriver.java:180) ~[mysql-connector-j-9.2.0.jar:9.2.0]
	at com.zaxxer.hikari.util.DriverDataSource.getConnection(DriverDataSource.java:117) ~[HikariCP-3.1.0.jar:?]
	at com.zaxxer.hikari.pool.PoolBase.newConnection(PoolBase.java:367) ~[HikariCP-3.1.0.jar:?]
	at com.zaxxer.hikari.pool.PoolBase.newPoolEntry(PoolBase.java:196) ~[HikariCP-3.1.0.jar:?]
	at com.zaxxer.hikari.pool.HikariPool.createPoolEntry(HikariPool.java:467) ~[HikariCP-3.1.0.jar:?]
	at com.zaxxer.hikari.pool.HikariPool.checkFailFast(HikariPool.java:541) ~[HikariCP-3.1.0.jar:?]
	... 8 more
2025-04-07 22:19:42,981 - org.apache.skywalking.oap.server.starter.config.ApplicationConfigLoader - 185 [main] INFO  [] - Remove module receiver-zabbix without any provider
2025-04-07 22:19:42,983 - org.apache.skywalking.oap.server.starter.config.ApplicationConfigLoader - 185 [main] INFO  [] - Remove module kafka-fetcher without any provider
2025-04-07 22:19:42,983 - org.apache.skywalking.oap.server.starter.config.ApplicationConfigLoader - 185 [main] INFO  [] - Remove module cilium-fetcher without any provider
2025-04-07 22:19:42,983 - org.apache.skywalking.oap.server.starter.config.ApplicationConfigLoader - 185 [main] INFO  [] - Remove module receiver-zipkin without any provider
2025-04-07 22:19:42,984 - org.apache.skywalking.oap.server.starter.config.ApplicationConfigLoader - 185 [main] INFO  [] - Remove module query-zipkin without any provider
2025-04-07 22:19:42,984 - org.apache.skywalking.oap.server.starter.config.ApplicationConfigLoader - 185 [main] INFO  [] - Remove module exporter without any provider
2025-04-07 22:19:42,984 - org.apache.skywalking.oap.server.starter.config.ApplicationConfigLoader - 185 [main] INFO  [] - Remove module health-checker without any provider
2025-04-07 22:19:42,985 - org.apache.skywalking.oap.server.starter.config.ApplicationConfigLoader - 78 [main] INFO  [] - Get a module define from application.yml, module name: cluster
2025-04-07 22:19:42,987 - org.apache.skywalking.oap.server.starter.config.ApplicationConfigLoader - 82 [main] INFO  [] - Get a provider define belong to cluster module, provider name: standalone
2025-04-07 22:19:42,988 - org.apache.skywalking.oap.server.starter.config.ApplicationConfigLoader - 78 [main] INFO  [] - Get a module define from application.yml, module name: core
2025-04-07 22:19:42,988 - org.apache.skywalking.oap.server.starter.config.ApplicationConfigLoader - 82 [main] INFO  [] - Get a provider define belong to core module, provider name: default
2025-04-07 22:19:42,994 - org.apache.skywalking.oap.server.starter.config.ApplicationConfigLoader - 78 [main] INFO  [] - Get a module define from application.yml, module name: storage
2025-04-07 22:19:42,995 - org.apache.skywalking.oap.server.starter.config.ApplicationConfigLoader - 82 [main] INFO  [] - Get a provider define belong to storage module, provider name: mysql
2025-04-07 22:19:42,997 - org.apache.skywalking.oap.server.starter.config.ApplicationConfigLoader - 78 [main] INFO  [] - Get a module define from application.yml, module name: agent-analyzer
2025-04-07 22:19:42,997 - org.apache.skywalking.oap.server.starter.config.ApplicationConfigLoader - 82 [main] INFO  [] - Get a provider define belong to agent-analyzer module, provider name: default
2025-04-07 22:19:42,998 - org.apache.skywalking.oap.server.starter.config.ApplicationConfigLoader - 78 [main] INFO  [] - Get a module define from application.yml, module name: log-analyzer
2025-04-07 22:19:42,998 - org.apache.skywalking.oap.server.starter.config.ApplicationConfigLoader - 82 [main] INFO  [] - Get a provider define belong to log-analyzer module, provider name: default
2025-04-07 22:19:42,998 - org.apache.skywalking.oap.server.starter.config.ApplicationConfigLoader - 78 [main] INFO  [] - Get a module define from application.yml, module name: event-analyzer
2025-04-07 22:19:42,998 - org.apache.skywalking.oap.server.starter.config.ApplicationConfigLoader - 82 [main] INFO  [] - Get a provider define belong to event-analyzer module, provider name: default
2025-04-07 22:19:42,999 - org.apache.skywalking.oap.server.starter.config.ApplicationConfigLoader - 78 [main] INFO  [] - Get a module define from application.yml, module name: receiver-sharing-server
2025-04-07 22:19:42,999 - org.apache.skywalking.oap.server.starter.config.ApplicationConfigLoader - 82 [main] INFO  [] - Get a provider define belong to receiver-sharing-server module, provider name: default
2025-04-07 22:19:43,000 - org.apache.skywalking.oap.server.starter.config.ApplicationConfigLoader - 78 [main] INFO  [] - Get a module define from application.yml, module name: receiver-register
2025-04-07 22:19:43,000 - org.apache.skywalking.oap.server.starter.config.ApplicationConfigLoader - 82 [main] INFO  [] - Get a provider define belong to receiver-register module, provider name: default
2025-04-07 22:19:43,000 - org.apache.skywalking.oap.server.starter.config.ApplicationConfigLoader - 78 [main] INFO  [] - Get a module define from application.yml, module name: receiver-trace
2025-04-07 22:19:43,000 - org.apache.skywalking.oap.server.starter.config.ApplicationConfigLoader - 82 [main] INFO  [] - Get a provider define belong to receiver-trace module, provider name: default
2025-04-07 22:19:43,000 - org.apache.skywalking.oap.server.starter.config.ApplicationConfigLoader - 78 [main] INFO  [] - Get a module define from application.yml, module name: receiver-jvm
2025-04-07 22:19:43,000 - org.apache.skywalking.oap.server.starter.config.ApplicationConfigLoader - 82 [main] INFO  [] - Get a provider define belong to receiver-jvm module, provider name: default
2025-04-07 22:19:43,000 - org.apache.skywalking.oap.server.starter.config.ApplicationConfigLoader - 78 [main] INFO  [] - Get a module define from application.yml, module name: receiver-clr
2025-04-07 22:19:43,001 - org.apache.skywalking.oap.server.starter.config.ApplicationConfigLoader - 82 [main] INFO  [] - Get a provider define belong to receiver-clr module, provider name: default
2025-04-07 22:19:43,001 - org.apache.skywalking.oap.server.starter.config.ApplicationConfigLoader - 78 [main] INFO  [] - Get a module define from application.yml, module name: receiver-profile
2025-04-07 22:19:43,001 - org.apache.skywalking.oap.server.starter.config.ApplicationConfigLoader - 82 [main] INFO  [] - Get a provider define belong to receiver-profile module, provider name: default
2025-04-07 22:19:43,001 - org.apache.skywalking.oap.server.starter.config.ApplicationConfigLoader - 78 [main] INFO  [] - Get a module define from application.yml, module name: service-mesh
2025-04-07 22:19:43,001 - org.apache.skywalking.oap.server.starter.config.ApplicationConfigLoader - 82 [main] INFO  [] - Get a provider define belong to service-mesh module, provider name: default
2025-04-07 22:19:43,001 - org.apache.skywalking.oap.server.starter.config.ApplicationConfigLoader - 78 [main] INFO  [] - Get a module define from application.yml, module name: envoy-metric
2025-04-07 22:19:43,002 - org.apache.skywalking.oap.server.starter.config.ApplicationConfigLoader - 82 [main] INFO  [] - Get a provider define belong to envoy-metric module, provider name: default
2025-04-07 22:19:43,002 - org.apache.skywalking.oap.server.starter.config.ApplicationConfigLoader - 78 [main] INFO  [] - Get a module define from application.yml, module name: receiver-meter
2025-04-07 22:19:43,003 - org.apache.skywalking.oap.server.starter.config.ApplicationConfigLoader - 82 [main] INFO  [] - Get a provider define belong to receiver-meter module, provider name: default
2025-04-07 22:19:43,003 - org.apache.skywalking.oap.server.starter.config.ApplicationConfigLoader - 78 [main] INFO  [] - Get a module define from application.yml, module name: receiver-otel
2025-04-07 22:19:43,003 - org.apache.skywalking.oap.server.starter.config.ApplicationConfigLoader - 82 [main] INFO  [] - Get a provider define belong to receiver-otel module, provider name: default
2025-04-07 22:19:43,003 - org.apache.skywalking.oap.server.starter.config.ApplicationConfigLoader - 78 [main] INFO  [] - Get a module define from application.yml, module name: receiver-browser
2025-04-07 22:19:43,003 - org.apache.skywalking.oap.server.starter.config.ApplicationConfigLoader - 82 [main] INFO  [] - Get a provider define belong to receiver-browser module, provider name: default
2025-04-07 22:19:43,004 - org.apache.skywalking.oap.server.starter.config.ApplicationConfigLoader - 78 [main] INFO  [] - Get a module define from application.yml, module name: receiver-log
2025-04-07 22:19:43,004 - org.apache.skywalking.oap.server.starter.config.ApplicationConfigLoader - 82 [main] INFO  [] - Get a provider define belong to receiver-log module, provider name: default
2025-04-07 22:19:43,004 - org.apache.skywalking.oap.server.starter.config.ApplicationConfigLoader - 78 [main] INFO  [] - Get a module define from application.yml, module name: query
2025-04-07 22:19:43,004 - org.apache.skywalking.oap.server.starter.config.ApplicationConfigLoader - 82 [main] INFO  [] - Get a provider define belong to query module, provider name: graphql
2025-04-07 22:19:43,004 - org.apache.skywalking.oap.server.starter.config.ApplicationConfigLoader - 78 [main] INFO  [] - Get a module define from application.yml, module name: promql
2025-04-07 22:19:43,004 - org.apache.skywalking.oap.server.starter.config.ApplicationConfigLoader - 82 [main] INFO  [] - Get a provider define belong to promql module, provider name: default
2025-04-07 22:19:43,005 - org.apache.skywalking.oap.server.starter.config.ApplicationConfigLoader - 78 [main] INFO  [] - Get a module define from application.yml, module name: logql
2025-04-07 22:19:43,005 - org.apache.skywalking.oap.server.starter.config.ApplicationConfigLoader - 82 [main] INFO  [] - Get a provider define belong to logql module, provider name: default
2025-04-07 22:19:43,005 - org.apache.skywalking.oap.server.starter.config.ApplicationConfigLoader - 78 [main] INFO  [] - Get a module define from application.yml, module name: alarm
2025-04-07 22:19:43,005 - org.apache.skywalking.oap.server.starter.config.ApplicationConfigLoader - 82 [main] INFO  [] - Get a provider define belong to alarm module, provider name: default
2025-04-07 22:19:43,005 - org.apache.skywalking.oap.server.starter.config.ApplicationConfigLoader - 78 [main] INFO  [] - Get a module define from application.yml, module name: telemetry
2025-04-07 22:19:43,006 - org.apache.skywalking.oap.server.starter.config.ApplicationConfigLoader - 82 [main] INFO  [] - Get a provider define belong to telemetry module, provider name: none
2025-04-07 22:19:43,006 - org.apache.skywalking.oap.server.starter.config.ApplicationConfigLoader - 78 [main] INFO  [] - Get a module define from application.yml, module name: configuration
2025-04-07 22:19:43,006 - org.apache.skywalking.oap.server.starter.config.ApplicationConfigLoader - 82 [main] INFO  [] - Get a provider define belong to configuration module, provider name: none
2025-04-07 22:19:43,006 - org.apache.skywalking.oap.server.starter.config.ApplicationConfigLoader - 78 [main] INFO  [] - Get a module define from application.yml, module name: debugging-query
2025-04-07 22:19:43,006 - org.apache.skywalking.oap.server.starter.config.ApplicationConfigLoader - 82 [main] INFO  [] - Get a provider define belong to debugging-query module, provider name: default
2025-04-07 22:19:43,006 - org.apache.skywalking.oap.server.starter.config.ApplicationConfigLoader - 78 [main] INFO  [] - Get a module define from application.yml, module name: configuration-discovery
2025-04-07 22:19:43,007 - org.apache.skywalking.oap.server.starter.config.ApplicationConfigLoader - 82 [main] INFO  [] - Get a provider define belong to configuration-discovery module, provider name: default
2025-04-07 22:19:43,007 - org.apache.skywalking.oap.server.starter.config.ApplicationConfigLoader - 78 [main] INFO  [] - Get a module define from application.yml, module name: receiver-event
2025-04-07 22:19:43,007 - org.apache.skywalking.oap.server.starter.config.ApplicationConfigLoader - 82 [main] INFO  [] - Get a provider define belong to receiver-event module, provider name: default
2025-04-07 22:19:43,007 - org.apache.skywalking.oap.server.starter.config.ApplicationConfigLoader - 78 [main] INFO  [] - Get a module define from application.yml, module name: receiver-ebpf
2025-04-07 22:19:43,008 - org.apache.skywalking.oap.server.starter.config.ApplicationConfigLoader - 82 [main] INFO  [] - Get a provider define belong to receiver-ebpf module, provider name: default
2025-04-07 22:19:43,008 - org.apache.skywalking.oap.server.starter.config.ApplicationConfigLoader - 78 [main] INFO  [] - Get a module define from application.yml, module name: receiver-telegraf
2025-04-07 22:19:43,009 - org.apache.skywalking.oap.server.starter.config.ApplicationConfigLoader - 82 [main] INFO  [] - Get a provider define belong to receiver-telegraf module, provider name: default
2025-04-07 22:19:43,009 - org.apache.skywalking.oap.server.starter.config.ApplicationConfigLoader - 78 [main] INFO  [] - Get a module define from application.yml, module name: aws-firehose
2025-04-07 22:19:43,009 - org.apache.skywalking.oap.server.starter.config.ApplicationConfigLoader - 82 [main] INFO  [] - Get a provider define belong to aws-firehose module, provider name: default
2025-04-07 22:19:43,010 - org.apache.skywalking.oap.server.starter.config.ApplicationConfigLoader - 126 [main] INFO  [] - Provider=default config=firehoseAccessKey has been set as an empty string
2025-04-07 22:19:43,010 - org.apache.skywalking.oap.server.starter.config.ApplicationConfigLoader - 126 [main] INFO  [] - Provider=default config=tlsKeyPath has been set as an empty string
2025-04-07 22:19:43,010 - org.apache.skywalking.oap.server.starter.config.ApplicationConfigLoader - 126 [main] INFO  [] - Provider=default config=tlsCertChainPath has been set as an empty string
2025-04-07 22:19:43,010 - org.apache.skywalking.oap.server.starter.config.ApplicationConfigLoader - 78 [main] INFO  [] - Get a module define from application.yml, module name: ai-pipeline
2025-04-07 22:19:43,010 - org.apache.skywalking.oap.server.starter.config.ApplicationConfigLoader - 82 [main] INFO  [] - Get a provider define belong to ai-pipeline module, provider name: default
2025-04-07 22:19:43,010 - org.apache.skywalking.oap.server.starter.config.ApplicationConfigLoader - 126 [main] INFO  [] - Provider=default config=uriRecognitionServerAddr has been set as an empty string
2025-04-07 22:19:43,148 - org.apache.skywalking.oap.server.library.module.ModuleDefine - 94 [main] INFO  [] - Prepare the default provider in agent-analyzer module.
2025-04-07 22:19:43,152 - org.apache.skywalking.oap.server.analyzer.provider.trace.UninstrumentedGatewaysConfig - 56 [main] INFO  [] - Default configured gateways: null
2025-04-07 22:19:43,153 - org.apache.skywalking.oap.server.analyzer.provider.trace.UninstrumentedGatewaysConfig - 83 [main] INFO  [] - Updating uninstrumented gateways with: null
2025-04-07 22:19:43,155 - org.apache.skywalking.oap.server.analyzer.provider.trace.TraceSamplingPolicyWatcher - 133 [main] INFO  [] - [trace-sampling-policy] use trace-sample-policy in static file : SamplingPolicySettings(defaultPolicy=SamplingPolicy(rate=10000, duration=-1), services={})
2025-04-07 22:19:43,191 - org.apache.skywalking.oap.server.library.module.ModuleDefine - 94 [main] INFO  [] - Prepare the default provider in ai-pipeline module.
2025-04-07 22:19:43,193 - org.apache.skywalking.oap.server.library.module.ModuleDefine - 94 [main] INFO  [] - Prepare the default provider in aws-firehose module.
2025-04-07 22:19:43,228 - com.linecorp.armeria.common.Flags - 1717 [main] INFO  [] - verboseExceptions: rate-limit=10 (default)
2025-04-07 22:19:43,390 - com.linecorp.armeria.common.Flags - 1717 [main] INFO  [] - useEpoll: false (default)
2025-04-07 22:19:43,404 - com.linecorp.armeria.common.Flags - 1717 [main] INFO  [] - annotatedServiceExceptionVerbosity: unhandled (default)
2025-04-07 22:19:43,745 - com.linecorp.armeria.common.Flags - 630 [main] INFO  [] - Using Tls engine: OpenSSL BoringSSL, 0x1010107f
2025-04-07 22:19:44,073 - com.linecorp.armeria.server.docs.DocStringExtractor - 134 [main] INFO  [] - Using com.linecorp.armeria.grpc.descriptorDir: META-INF/armeria/grpc
2025-04-07 22:19:44,218 - org.apache.skywalking.oap.server.library.server.http.HTTPServer - 98 [main] INFO  [] - Server root context path: /
2025-04-07 22:19:44,222 - org.apache.skywalking.oap.server.library.module.ModuleDefine - 94 [main] INFO  [] - Prepare the none provider in configuration module.
2025-04-07 22:19:44,222 - org.apache.skywalking.oap.server.library.module.ModuleDefine - 94 [main] INFO  [] - Prepare the default provider in configuration-discovery module.
2025-04-07 22:19:44,226 - org.apache.skywalking.oap.server.library.module.ModuleDefine - 94 [main] INFO  [] - Prepare the default provider in debugging-query module.
2025-04-07 22:19:44,227 - org.apache.skywalking.oap.server.library.module.ModuleDefine - 94 [main] INFO  [] - Prepare the default provider in envoy-metric module.
2025-04-07 22:19:44,231 - org.apache.skywalking.oap.server.library.module.ModuleDefine - 94 [main] INFO  [] - Prepare the default provider in event-analyzer module.
2025-04-07 22:19:44,232 - org.apache.skywalking.oap.server.library.module.ModuleDefine - 94 [main] INFO  [] - Prepare the default provider in log-analyzer module.
2025-04-07 22:19:44,234 - org.apache.skywalking.oap.server.library.module.ModuleDefine - 94 [main] INFO  [] - Prepare the default provider in logql module.
2025-04-07 22:19:44,234 - org.apache.skywalking.oap.server.library.module.ModuleDefine - 94 [main] INFO  [] - Prepare the default provider in receiver-otel module.
2025-04-07 22:19:44,241 - org.apache.skywalking.oap.server.library.module.ModuleDefine - 94 [main] INFO  [] - Prepare the default provider in promql module.
2025-04-07 22:19:44,242 - org.apache.skywalking.oap.server.library.module.ModuleDefine - 94 [main] INFO  [] - Prepare the mysql provider in storage module.
2025-04-07 22:19:44,290 - org.apache.skywalking.oap.server.library.module.ModuleDefine - 94 [main] INFO  [] - Prepare the standalone provider in cluster module.
2025-04-07 22:19:44,291 - org.apache.skywalking.oap.server.library.module.ModuleDefine - 94 [main] INFO  [] - Prepare the default provider in core module.
2025-04-07 22:19:45,400 - org.apache.skywalking.oap.server.library.server.http.HTTPServer - 98 [main] INFO  [] - Server root context path: /
2025-04-07 22:19:45,926 - org.apache.skywalking.oap.server.library.module.ModuleDefine - 94 [main] INFO  [] - Prepare the graphql provider in query module.
2025-04-07 22:19:45,940 - org.apache.skywalking.oap.server.library.module.ModuleDefine - 94 [main] INFO  [] - Prepare the default provider in alarm module.
2025-04-07 22:19:45,947 - org.apache.skywalking.oap.server.core.alarm.provider.AlarmRulesWatcher - 134 [main] INFO  [] - Update alarm rules to Rules(rules=[], webhookSettingsMap={}, grpcAlarmSettingMap={}, slackSettingsMap={}, wechatSettingsMap={}, dingtalkSettingsMap={}, feishuSettingsMap={}, weLinkSettingsMap={}, pagerDutySettingsMap={}, discordSettingsMap={})
2025-04-07 22:19:45,950 - org.apache.skywalking.oap.server.library.module.ModuleDefine - 94 [main] INFO  [] - Prepare the default provider in receiver-browser module.
2025-04-07 22:19:45,951 - org.apache.skywalking.oap.server.library.module.ModuleDefine - 94 [main] INFO  [] - Prepare the default provider in receiver-clr module.
2025-04-07 22:19:45,951 - org.apache.skywalking.oap.server.library.module.ModuleDefine - 94 [main] INFO  [] - Prepare the default provider in receiver-ebpf module.
2025-04-07 22:19:45,952 - org.apache.skywalking.oap.server.library.module.ModuleDefine - 94 [main] INFO  [] - Prepare the default provider in receiver-event module.
2025-04-07 22:19:45,952 - org.apache.skywalking.oap.server.library.module.ModuleDefine - 94 [main] INFO  [] - Prepare the default provider in receiver-jvm module.
2025-04-07 22:19:45,952 - org.apache.skywalking.oap.server.library.module.ModuleDefine - 94 [main] INFO  [] - Prepare the default provider in receiver-log module.
2025-04-07 22:19:45,953 - org.apache.skywalking.oap.server.library.module.ModuleDefine - 94 [main] INFO  [] - Prepare the default provider in receiver-register module.
2025-04-07 22:19:45,953 - org.apache.skywalking.oap.server.library.module.ModuleDefine - 94 [main] INFO  [] - Prepare the default provider in service-mesh module.
2025-04-07 22:19:45,953 - org.apache.skywalking.oap.server.library.module.ModuleDefine - 94 [main] INFO  [] - Prepare the default provider in receiver-meter module.
2025-04-07 22:19:45,953 - org.apache.skywalking.oap.server.library.module.ModuleDefine - 94 [main] INFO  [] - Prepare the default provider in receiver-profile module.
2025-04-07 22:19:45,953 - org.apache.skywalking.oap.server.library.module.ModuleDefine - 94 [main] INFO  [] - Prepare the default provider in receiver-sharing-server module.
2025-04-07 22:19:45,954 - org.apache.skywalking.oap.server.library.module.ModuleDefine - 94 [main] INFO  [] - Prepare the default provider in receiver-telegraf module.
2025-04-07 22:19:45,959 - org.apache.skywalking.oap.server.library.module.ModuleDefine - 94 [main] INFO  [] - Prepare the default provider in receiver-trace module.
2025-04-07 22:19:45,960 - org.apache.skywalking.oap.server.library.module.ModuleDefine - 94 [main] INFO  [] - Prepare the none provider in telemetry module.
2025-04-07 22:19:45,960 - org.apache.skywalking.oap.server.library.module.BootstrapFlow - 43 [main] INFO  [] - start the provider standalone in cluster module.
2025-04-07 22:19:45,961 - org.apache.skywalking.oap.server.library.module.BootstrapFlow - 43 [main] INFO  [] - start the provider none in configuration module.
2025-04-07 22:19:45,961 - org.apache.skywalking.oap.server.library.module.BootstrapFlow - 43 [main] INFO  [] - start the provider default in ai-pipeline module.
2025-04-07 22:19:45,961 - org.apache.skywalking.oap.server.library.module.BootstrapFlow - 43 [main] INFO  [] - start the provider graphql in query module.
2025-04-07 22:19:46,739 - graphql.kickstart.tools.SchemaClassScanner - 183 [main] WARN  [] - Schema type was defined but can never be accessed, and can be safely deleted: ProfiledSegment
2025-04-07 22:19:47,178 - org.apache.skywalking.oap.server.library.server.http.HTTPServer - 107 [main] INFO  [] - Bind handler GraphQLQueryHandler into http server 0.0.0.0:12800
2025-04-07 22:19:47,180 - org.apache.skywalking.oap.server.library.module.BootstrapFlow - 43 [main] INFO  [] - start the provider none in telemetry module.
2025-04-07 22:19:47,180 - org.apache.skywalking.oap.server.library.module.BootstrapFlow - 43 [main] INFO  [] - start the provider default in core module.
2025-04-07 22:19:47,371 - org.apache.skywalking.oap.server.core.analysis.DispatcherManager - 117 [main] INFO  [] - Dispatcher org.apache.skywalking.oap.server.core.analysis.manual.cache.CacheSlowAccessDispatcher is added into DefaultScopeDefine 56.
2025-04-07 22:19:47,371 - org.apache.skywalking.oap.server.core.analysis.DispatcherManager - 117 [main] INFO  [] - Dispatcher org.apache.skywalking.oap.server.core.analysis.manual.database.DatabaseStatementDispatcher is added into DefaultScopeDefine 18.
2025-04-07 22:19:47,373 - org.apache.skywalking.oap.server.core.analysis.DispatcherManager - 117 [main] INFO  [] - Dispatcher org.apache.skywalking.oap.server.core.analysis.manual.endpoint.EndpointMetaDispatcher is added into DefaultScopeDefine 42.
2025-04-07 22:19:47,373 - org.apache.skywalking.oap.server.core.analysis.DispatcherManager - 117 [main] INFO  [] - Dispatcher org.apache.skywalking.oap.server.core.analysis.manual.endpoint.EndpointTrafficDispatcher is added into DefaultScopeDefine 3.
2025-04-07 22:19:47,374 - org.apache.skywalking.oap.server.core.analysis.DispatcherManager - 117 [main] INFO  [] - Dispatcher org.apache.skywalking.oap.server.core.analysis.manual.endpoint.HubbleEndpointDispatcher is added into DefaultScopeDefine 82.
2025-04-07 22:19:47,374 - org.apache.skywalking.oap.server.core.analysis.DispatcherManager - 117 [main] INFO  [] - Dispatcher org.apache.skywalking.oap.server.core.analysis.manual.endpoint.K8SEndpointTrafficDispatcher is added into DefaultScopeDefine 76.
2025-04-07 22:19:47,374 - org.apache.skywalking.oap.server.core.analysis.DispatcherManager - 117 [main] INFO  [] - Dispatcher org.apache.skywalking.oap.server.core.analysis.manual.instance.HubbleInstanceTrafficDispatcher is added into DefaultScopeDefine 79.
2025-04-07 22:19:47,375 - org.apache.skywalking.oap.server.core.analysis.DispatcherManager - 117 [main] INFO  [] - Dispatcher org.apache.skywalking.oap.server.core.analysis.manual.instance.InstanceTrafficDispatcher is added into DefaultScopeDefine 2.
2025-04-07 22:19:47,375 - org.apache.skywalking.oap.server.core.analysis.DispatcherManager - 117 [main] INFO  [] - Dispatcher org.apache.skywalking.oap.server.core.analysis.manual.instance.InstanceUpdateDispatcher is added into DefaultScopeDefine 30.
2025-04-07 22:19:47,375 - org.apache.skywalking.oap.server.core.analysis.DispatcherManager - 117 [main] INFO  [] - Dispatcher org.apache.skywalking.oap.server.core.analysis.manual.instance.K8SInstanceTrafficDispatcher is added into DefaultScopeDefine 73.
2025-04-07 22:19:47,375 - org.apache.skywalking.oap.server.core.analysis.DispatcherManager - 117 [main] INFO  [] - Dispatcher org.apache.skywalking.oap.server.core.analysis.manual.instance.TCPInstanceTrafficDispatcher is added into DefaultScopeDefine 58.
2025-04-07 22:19:47,375 - org.apache.skywalking.oap.server.core.analysis.DispatcherManager - 117 [main] INFO  [] - Dispatcher org.apache.skywalking.oap.server.core.analysis.manual.instance.TCPInstanceUpdateDispatcher is added into DefaultScopeDefine 61.
2025-04-07 22:19:47,375 - org.apache.skywalking.oap.server.core.analysis.DispatcherManager - 117 [main] INFO  [] - Dispatcher org.apache.skywalking.oap.server.core.analysis.manual.log.LogRecordDispatcher is added into DefaultScopeDefine 41.
2025-04-07 22:19:47,376 - org.apache.skywalking.oap.server.core.analysis.DispatcherManager - 117 [main] INFO  [] - Dispatcher org.apache.skywalking.oap.server.core.analysis.manual.networkalias.NetworkAddressAliasSetupDispatcher is added into DefaultScopeDefine 31.
2025-04-07 22:19:47,376 - org.apache.skywalking.oap.server.core.analysis.DispatcherManager - 117 [main] INFO  [] - Dispatcher org.apache.skywalking.oap.server.core.analysis.manual.process.ProcessDispatcher is added into DefaultScopeDefine 45.
2025-04-07 22:19:47,376 - org.apache.skywalking.oap.server.core.analysis.DispatcherManager - 117 [main] INFO  [] - Dispatcher org.apache.skywalking.oap.server.core.analysis.manual.process.ProcessLabelDispatcher is added into DefaultScopeDefine 49.
2025-04-07 22:19:47,377 - org.apache.skywalking.oap.server.core.analysis.DispatcherManager - 117 [main] INFO  [] - Dispatcher org.apache.skywalking.oap.server.core.analysis.manual.relation.endpoint.EndpointCallRelationDispatcher is added into DefaultScopeDefine 6.
2025-04-07 22:19:47,377 - org.apache.skywalking.oap.server.core.analysis.DispatcherManager - 117 [main] INFO  [] - Dispatcher org.apache.skywalking.oap.server.core.analysis.manual.relation.endpoint.HubbleEndpointCallRelationDispatcher is added into DefaultScopeDefine 83.
2025-04-07 22:19:47,377 - org.apache.skywalking.oap.server.core.analysis.DispatcherManager - 117 [main] INFO  [] - Dispatcher org.apache.skywalking.oap.server.core.analysis.manual.relation.instance.HubbleServiceInstanceCallRelationDispatcher is added into DefaultScopeDefine 81.
2025-04-07 22:19:47,377 - org.apache.skywalking.oap.server.core.analysis.DispatcherManager - 117 [main] INFO  [] - Dispatcher org.apache.skywalking.oap.server.core.analysis.manual.relation.instance.K8SServiceInstanceCallRelationDispatcher is added into DefaultScopeDefine 75.
2025-04-07 22:19:47,377 - org.apache.skywalking.oap.server.core.analysis.DispatcherManager - 117 [main] INFO  [] - Dispatcher org.apache.skywalking.oap.server.core.analysis.manual.relation.instance.ServiceInstanceCallRelationDispatcher is added into DefaultScopeDefine 5.
2025-04-07 22:19:47,377 - org.apache.skywalking.oap.server.core.analysis.DispatcherManager - 117 [main] INFO  [] - Dispatcher org.apache.skywalking.oap.server.core.analysis.manual.relation.instance.TCPServiceInstanceCallRelationDispatcher is added into DefaultScopeDefine 60.
2025-04-07 22:19:47,377 - org.apache.skywalking.oap.server.core.analysis.DispatcherManager - 117 [main] INFO  [] - Dispatcher org.apache.skywalking.oap.server.core.analysis.manual.relation.process.ProcessRelationDispatcher is added into DefaultScopeDefine 54.
2025-04-07 22:19:47,378 - org.apache.skywalking.oap.server.core.analysis.DispatcherManager - 117 [main] INFO  [] - Dispatcher org.apache.skywalking.oap.server.core.analysis.manual.relation.service.HubbleServiceCallRelationDispatcher is added into DefaultScopeDefine 80.
2025-04-07 22:19:47,378 - org.apache.skywalking.oap.server.core.analysis.DispatcherManager - 117 [main] INFO  [] - Dispatcher org.apache.skywalking.oap.server.core.analysis.manual.relation.service.K8SServiceCallRelationDispatcher is added into DefaultScopeDefine 74.
2025-04-07 22:19:47,378 - org.apache.skywalking.oap.server.core.analysis.DispatcherManager - 117 [main] INFO  [] - Dispatcher org.apache.skywalking.oap.server.core.analysis.manual.relation.service.ServiceCallRelationDispatcher is added into DefaultScopeDefine 4.
2025-04-07 22:19:47,378 - org.apache.skywalking.oap.server.core.analysis.DispatcherManager - 117 [main] INFO  [] - Dispatcher org.apache.skywalking.oap.server.core.analysis.manual.relation.service.TCPServiceCallRelationDispatcher is added into DefaultScopeDefine 59.
2025-04-07 22:19:47,378 - org.apache.skywalking.oap.server.core.analysis.DispatcherManager - 117 [main] INFO  [] - Dispatcher org.apache.skywalking.oap.server.core.analysis.manual.searchtag.TagAutocompleteDispatcher is added into DefaultScopeDefine 50.
2025-04-07 22:19:47,378 - org.apache.skywalking.oap.server.core.analysis.DispatcherManager - 117 [main] INFO  [] - Dispatcher org.apache.skywalking.oap.server.core.analysis.manual.segment.SegmentDispatcher is added into DefaultScopeDefine 12.
2025-04-07 22:19:47,378 - org.apache.skywalking.oap.server.core.analysis.DispatcherManager - 117 [main] INFO  [] - Dispatcher org.apache.skywalking.oap.server.core.analysis.manual.service.HubbleServiceTrafficDispatcher is added into DefaultScopeDefine 78.
2025-04-07 22:19:47,378 - org.apache.skywalking.oap.server.core.analysis.DispatcherManager - 117 [main] INFO  [] - Dispatcher org.apache.skywalking.oap.server.core.analysis.manual.service.K8SServiceTrafficDispatcher is added into DefaultScopeDefine 72.
2025-04-07 22:19:47,378 - org.apache.skywalking.oap.server.core.analysis.DispatcherManager - 117 [main] INFO  [] - Dispatcher org.apache.skywalking.oap.server.core.analysis.manual.service.ServiceMetaDispatcher is added into DefaultScopeDefine 29.
2025-04-07 22:19:47,379 - org.apache.skywalking.oap.server.core.analysis.DispatcherManager - 117 [main] INFO  [] - Dispatcher org.apache.skywalking.oap.server.core.analysis.manual.service.ServiceTrafficDispatcher is added into DefaultScopeDefine 1.
2025-04-07 22:19:47,379 - org.apache.skywalking.oap.server.core.analysis.DispatcherManager - 117 [main] INFO  [] - Dispatcher org.apache.skywalking.oap.server.core.analysis.manual.service.TCPServiceTrafficDispatcher is added into DefaultScopeDefine 57.
2025-04-07 22:19:47,379 - org.apache.skywalking.oap.server.core.analysis.DispatcherManager - 117 [main] INFO  [] - Dispatcher org.apache.skywalking.oap.server.core.browser.manual.endpoint.BrowserAppPageTrafficDispatcher is added into DefaultScopeDefine 40.
2025-04-07 22:19:47,380 - org.apache.skywalking.oap.server.core.analysis.DispatcherManager - 117 [main] INFO  [] - Dispatcher org.apache.skywalking.oap.server.core.browser.manual.errorlog.BrowserErrorLogRecordDispatcher is added into DefaultScopeDefine 34.
2025-04-07 22:19:47,380 - org.apache.skywalking.oap.server.core.analysis.DispatcherManager - 117 [main] INFO  [] - Dispatcher org.apache.skywalking.oap.server.core.browser.manual.instance.BrowserAppSingleVersionTrafficDispatcher is added into DefaultScopeDefine 39.
2025-04-07 22:19:47,380 - org.apache.skywalking.oap.server.core.analysis.DispatcherManager - 117 [main] INFO  [] - Dispatcher org.apache.skywalking.oap.server.core.browser.manual.service.BrowserAppTrafficDispatcher is added into DefaultScopeDefine 38.
2025-04-07 22:19:47,380 - org.apache.skywalking.oap.server.core.analysis.DispatcherManager - 117 [main] INFO  [] - Dispatcher org.apache.skywalking.oap.server.core.hierarchy.instance.InstanceHierarchyTrafficRelationDispatcher is added into DefaultScopeDefine 71.
2025-04-07 22:19:47,380 - org.apache.skywalking.oap.server.core.analysis.DispatcherManager - 117 [main] INFO  [] - Dispatcher org.apache.skywalking.oap.server.core.hierarchy.service.ServiceHierarchyTrafficRelationDispatcher is added into DefaultScopeDefine 70.
2025-04-07 22:19:47,380 - org.apache.skywalking.oap.server.core.analysis.DispatcherManager - 117 [main] INFO  [] - Dispatcher org.apache.skywalking.oap.server.core.profiling.ebpf.storage.EBPFProcessProfilingDataDispatcher is added into DefaultScopeDefine 48.
2025-04-07 22:19:47,381 - org.apache.skywalking.oap.server.core.analysis.DispatcherManager - 117 [main] INFO  [] - Dispatcher org.apache.skywalking.oap.server.core.profiling.ebpf.storage.EBPFProcessProfilingScheduleDispatcher is added into DefaultScopeDefine 47.
2025-04-07 22:19:47,381 - org.apache.skywalking.oap.server.core.analysis.DispatcherManager - 117 [main] INFO  [] - Dispatcher org.apache.skywalking.oap.server.core.zipkin.dispatcher.ZipkinServiceDispatcher is added into DefaultScopeDefine 51.
2025-04-07 22:19:47,381 - org.apache.skywalking.oap.server.core.analysis.DispatcherManager - 117 [main] INFO  [] - Dispatcher org.apache.skywalking.oap.server.core.zipkin.dispatcher.ZipkinServiceRelationDispatcher is added into DefaultScopeDefine 53.
2025-04-07 22:19:47,381 - org.apache.skywalking.oap.server.core.analysis.DispatcherManager - 117 [main] INFO  [] - Dispatcher org.apache.skywalking.oap.server.core.zipkin.dispatcher.ZipkinServiceSpanDispatcher is added into DefaultScopeDefine 52.
2025-04-07 22:19:47,381 - org.apache.skywalking.oap.server.core.analysis.DispatcherManager - 117 [main] INFO  [] - Dispatcher org.apache.skywalking.oap.server.core.zipkin.dispatcher.ZipkinSpanRecordDispatcher is added into DefaultScopeDefine 23.
2025-04-07 22:19:47,521 - org.apache.skywalking.oap.server.library.module.BootstrapFlow - 43 [main] INFO  [] - start the provider default in agent-analyzer module.
2025-04-07 22:19:48,211 - org.apache.skywalking.oap.server.core.analysis.DispatcherManager - 117 [main] INFO  [] - Dispatcher org.apache.skywalking.oap.server.core.source.oal.rt.dispatcher.MQEndpointAccessDispatcher is added into DefaultScopeDefine 64.
2025-04-07 22:19:48,212 - org.apache.skywalking.oap.server.core.analysis.DispatcherManager - 117 [main] INFO  [] - Dispatcher org.apache.skywalking.oap.server.core.source.oal.rt.dispatcher.EndpointRelationDispatcher is added into DefaultScopeDefine 6.
2025-04-07 22:19:48,212 - org.apache.skywalking.oap.server.core.analysis.DispatcherManager - 117 [main] INFO  [] - Dispatcher org.apache.skywalking.oap.server.core.source.oal.rt.dispatcher.ServiceRelationDispatcher is added into DefaultScopeDefine 4.
2025-04-07 22:19:48,212 - org.apache.skywalking.oap.server.core.analysis.DispatcherManager - 117 [main] INFO  [] - Dispatcher org.apache.skywalking.oap.server.core.source.oal.rt.dispatcher.EndpointDispatcher is added into DefaultScopeDefine 3.
2025-04-07 22:19:48,212 - org.apache.skywalking.oap.server.core.analysis.DispatcherManager - 117 [main] INFO  [] - Dispatcher org.apache.skywalking.oap.server.core.source.oal.rt.dispatcher.DatabaseAccessDispatcher is added into DefaultScopeDefine 17.
2025-04-07 22:19:48,212 - org.apache.skywalking.oap.server.core.analysis.DispatcherManager - 117 [main] INFO  [] - Dispatcher org.apache.skywalking.oap.server.core.source.oal.rt.dispatcher.MQAccessDispatcher is added into DefaultScopeDefine 63.
2025-04-07 22:19:48,212 - org.apache.skywalking.oap.server.core.analysis.DispatcherManager - 117 [main] INFO  [] - Dispatcher org.apache.skywalking.oap.server.core.source.oal.rt.dispatcher.CacheAccessDispatcher is added into DefaultScopeDefine 55.
2025-04-07 22:19:48,212 - org.apache.skywalking.oap.server.core.analysis.DispatcherManager - 117 [main] INFO  [] - Dispatcher org.apache.skywalking.oap.server.core.source.oal.rt.dispatcher.ServiceInstanceDispatcher is added into DefaultScopeDefine 2.
2025-04-07 22:19:48,212 - org.apache.skywalking.oap.server.core.analysis.DispatcherManager - 117 [main] INFO  [] - Dispatcher org.apache.skywalking.oap.server.core.source.oal.rt.dispatcher.ServiceDispatcher is added into DefaultScopeDefine 1.
2025-04-07 22:19:48,212 - org.apache.skywalking.oap.server.core.analysis.DispatcherManager - 117 [main] INFO  [] - Dispatcher org.apache.skywalking.oap.server.core.source.oal.rt.dispatcher.ServiceInstanceRelationDispatcher is added into DefaultScopeDefine 5.
2025-04-07 22:19:49,085 - org.apache.skywalking.oap.server.library.module.BootstrapFlow - 43 [main] INFO  [] - start the provider default in logql module.
2025-04-07 22:19:49,136 - org.apache.skywalking.oap.server.library.server.http.HTTPServer - 98 [main] INFO  [] - Server root context path: /
2025-04-07 22:19:49,137 - org.apache.skywalking.oap.server.library.server.http.HTTPServer - 107 [main] INFO  [] - Bind handler LogQLApiHandler into http server 0.0.0.0:3100
2025-04-07 22:19:49,137 - org.apache.skywalking.oap.server.library.module.BootstrapFlow - 43 [main] INFO  [] - start the provider default in event-analyzer module.
2025-04-07 22:19:49,137 - org.apache.skywalking.oap.server.library.module.BootstrapFlow - 43 [main] INFO  [] - start the provider mysql in storage module.
2025-04-07 22:19:49,139 - com.zaxxer.hikari.HikariDataSource - 80 [main] INFO  [] - HikariPool-1 - Starting...
2025-04-07 22:19:49,301 - com.zaxxer.hikari.HikariDataSource - 82 [main] INFO  [] - HikariPool-1 - Start completed.
2025-04-07 22:19:49,328 - org.apache.skywalking.oap.server.core.storage.model.ModelInstaller - 54 [main] INFO  [] - table: alarm_record does not exist
2025-04-07 22:19:49,522 - org.apache.skywalking.oap.server.core.storage.model.ModelInstaller - 54 [main] INFO  [] - table: top_n_cache_read_command does not exist
2025-04-07 22:19:49,592 - org.apache.skywalking.oap.server.core.storage.model.ModelInstaller - 54 [main] INFO  [] - table: top_n_cache_write_command does not exist
2025-04-07 22:19:49,658 - org.apache.skywalking.oap.server.core.storage.model.ModelInstaller - 54 [main] INFO  [] - table: top_n_database_statement does not exist
2025-04-07 22:19:49,724 - org.apache.skywalking.oap.server.core.storage.model.ModelInstaller - 54 [main] INFO  [] - table: endpoint_traffic does not exist
2025-04-07 22:19:49,790 - org.apache.skywalking.oap.server.core.storage.model.ModelInstaller - 54 [main] INFO  [] - table: instance_traffic does not exist
2025-04-07 22:19:49,874 - org.apache.skywalking.oap.server.core.storage.model.ModelInstaller - 54 [main] INFO  [] - table: log does not exist
2025-04-07 22:19:50,044 - org.apache.skywalking.oap.server.core.storage.model.ModelInstaller - 54 [main] INFO  [] - table: network_address_alias does not exist
2025-04-07 22:19:50,129 - org.apache.skywalking.oap.server.core.storage.model.ModelInstaller - 54 [main] INFO  [] - table: process_traffic does not exist
2025-04-07 22:19:50,210 - org.apache.skywalking.oap.server.core.storage.model.ModelInstaller - 54 [main] INFO  [] - table: service_label does not exist
2025-04-07 22:19:50,271 - org.apache.skywalking.oap.server.core.storage.model.ModelInstaller - 54 [main] INFO  [] - table: endpoint_relation_server_side does not exist
2025-04-07 22:19:50,343 - org.apache.skywalking.oap.server.core.storage.model.ModelInstaller - 54 [main] INFO  [] - table: service_instance_relation_client_side does not exist
2025-04-07 22:19:50,478 - org.apache.skywalking.oap.server.core.storage.model.ModelInstaller - 54 [main] INFO  [] - table: service_instance_relation_server_side does not exist
2025-04-07 22:19:50,577 - org.apache.skywalking.oap.server.core.storage.model.ModelInstaller - 54 [main] INFO  [] - table: process_relation_client_side does not exist
2025-04-07 22:19:50,649 - org.apache.skywalking.oap.server.core.storage.model.ModelInstaller - 54 [main] INFO  [] - table: process_relation_server_side does not exist
2025-04-07 22:19:50,729 - org.apache.skywalking.oap.server.core.storage.model.ModelInstaller - 54 [main] INFO  [] - table: service_relation_client_side does not exist
2025-04-07 22:19:50,796 - org.apache.skywalking.oap.server.core.storage.model.ModelInstaller - 54 [main] INFO  [] - table: service_relation_server_side does not exist
2025-04-07 22:19:50,864 - org.apache.skywalking.oap.server.core.storage.model.ModelInstaller - 54 [main] INFO  [] - table: tag_autocomplete does not exist
2025-04-07 22:19:50,925 - org.apache.skywalking.oap.server.core.storage.model.ModelInstaller - 54 [main] INFO  [] - table: segment does not exist
2025-04-07 22:19:51,085 - org.apache.skywalking.oap.server.core.storage.model.ModelInstaller - 54 [main] INFO  [] - table: service_traffic does not exist
2025-04-07 22:19:51,171 - org.apache.skywalking.oap.server.core.storage.model.ModelInstaller - 54 [main] INFO  [] - table: span_attached_event_record does not exist
2025-04-07 22:19:51,321 - org.apache.skywalking.oap.server.core.storage.model.ModelInstaller - 54 [main] INFO  [] - table: sampled_slow_trace_record does not exist
2025-04-07 22:19:51,406 - org.apache.skywalking.oap.server.core.storage.model.ModelInstaller - 54 [main] INFO  [] - table: sampled_status_4xx_trace_record does not exist
2025-04-07 22:19:51,483 - org.apache.skywalking.oap.server.core.storage.model.ModelInstaller - 54 [main] INFO  [] - table: sampled_status_5xx_trace_record does not exist
2025-04-07 22:19:51,588 - org.apache.skywalking.oap.server.core.storage.model.ModelInstaller - 54 [main] INFO  [] - table: events does not exist
2025-04-07 22:19:51,731 - org.apache.skywalking.oap.server.core.storage.model.ModelInstaller - 54 [main] INFO  [] - table: browser_error_log does not exist
2025-04-07 22:19:51,813 - org.apache.skywalking.oap.server.core.storage.model.ModelInstaller - 54 [main] INFO  [] - table: instance_hierarchy_relation does not exist
2025-04-07 22:19:51,935 - org.apache.skywalking.oap.server.core.storage.model.ModelInstaller - 54 [main] INFO  [] - table: service_hierarchy_relation does not exist
2025-04-07 22:19:52,014 - org.apache.skywalking.oap.server.core.storage.model.ModelInstaller - 54 [main] INFO  [] - table: ui_menu does not exist
2025-04-07 22:19:52,058 - org.apache.skywalking.oap.server.core.storage.model.ModelInstaller - 54 [main] INFO  [] - table: ui_template does not exist
2025-04-07 22:19:52,112 - org.apache.skywalking.oap.server.core.storage.model.ModelInstaller - 54 [main] INFO  [] - table: continuous_profiling_policy does not exist
2025-04-07 22:19:52,158 - org.apache.skywalking.oap.server.core.storage.model.ModelInstaller - 54 [main] INFO  [] - table: ebpf_profiling_data does not exist
2025-04-07 22:19:52,246 - org.apache.skywalking.oap.server.core.storage.model.ModelInstaller - 54 [main] INFO  [] - table: ebpf_profiling_schedule does not exist
2025-04-07 22:19:52,345 - org.apache.skywalking.oap.server.core.storage.model.ModelInstaller - 54 [main] INFO  [] - table: ebpf_profiling_task does not exist
2025-04-07 22:19:52,475 - org.apache.skywalking.oap.server.core.storage.model.ModelInstaller - 54 [main] INFO  [] - table: profile_task_log does not exist
2025-04-07 22:19:52,545 - org.apache.skywalking.oap.server.core.storage.model.ModelInstaller - 54 [main] INFO  [] - table: profile_task does not exist
2025-04-07 22:19:52,665 - org.apache.skywalking.oap.server.core.storage.model.ModelInstaller - 54 [main] INFO  [] - table: profile_task_segment_snapshot does not exist
2025-04-07 22:19:52,796 - org.apache.skywalking.oap.server.core.storage.model.ModelInstaller - 54 [main] INFO  [] - table: zipkin_service_relation_traffic does not exist
2025-04-07 22:19:52,854 - org.apache.skywalking.oap.server.core.storage.model.ModelInstaller - 54 [main] INFO  [] - table: zipkin_service_span_traffic does not exist
2025-04-07 22:19:52,912 - org.apache.skywalking.oap.server.core.storage.model.ModelInstaller - 54 [main] INFO  [] - table: zipkin_service_traffic does not exist
2025-04-07 22:19:52,962 - org.apache.skywalking.oap.server.core.storage.model.ModelInstaller - 54 [main] INFO  [] - table: zipkin_span does not exist
2025-04-07 22:19:53,197 - org.apache.skywalking.oap.server.core.storage.model.ModelInstaller - 54 [main] INFO  [] - table: service_resp_time does not exist
2025-04-07 22:19:53,251 - org.apache.skywalking.oap.server.core.storage.model.ModelInstaller - 54 [main] INFO  [] - table: service_sla does not exist
2025-04-07 22:19:53,299 - org.apache.skywalking.oap.server.core.storage.model.ModelInstaller - 54 [main] INFO  [] - table: service_cpm does not exist
2025-04-07 22:19:53,353 - org.apache.skywalking.oap.server.core.storage.model.ModelInstaller - 54 [main] INFO  [] - table: service_percentile does not exist
2025-04-07 22:19:53,427 - org.apache.skywalking.oap.server.core.storage.model.ModelInstaller - 54 [main] INFO  [] - table: service_apdex does not exist
2025-04-07 22:19:53,488 - org.apache.skywalking.oap.server.core.storage.model.ModelInstaller - 54 [main] INFO  [] - table: service_mq_consume_count does not exist
2025-04-07 22:19:53,642 - org.apache.skywalking.oap.server.core.storage.model.ModelInstaller - 54 [main] INFO  [] - table: service_instance_sla does not exist
2025-04-07 22:19:53,660 - org.apache.skywalking.oap.server.core.storage.model.ModelInstaller - 54 [main] INFO  [] - table: service_instance_resp_time does not exist
2025-04-07 22:19:53,677 - org.apache.skywalking.oap.server.core.storage.model.ModelInstaller - 54 [main] INFO  [] - table: service_instance_cpm does not exist
2025-04-07 22:19:53,714 - org.apache.skywalking.oap.server.core.storage.model.ModelInstaller - 54 [main] INFO  [] - table: endpoint_percentile does not exist
2025-04-07 22:19:53,938 - org.apache.skywalking.oap.server.core.storage.model.ModelInstaller - 54 [main] INFO  [] - table: continuous_profiling_process_cpu does not exist
2025-04-07 22:19:54,062 - org.apache.skywalking.oap.server.core.storage.model.ModelInstaller - 54 [main] INFO  [] - table: continuous_profiling_http_error_rate does not exist
2025-04-07 22:19:54,300 - org.apache.skywalking.oap.server.core.storage.model.ModelInstaller - 54 [main] INFO  [] - table: meter_instance_golang_gc_heap_allocs_by_size does not exist
2025-04-07 22:19:54,423 - org.apache.skywalking.oap.server.core.storage.model.ModelInstaller - 54 [main] INFO  [] - table: meter_java_agent_tracing_context_execution_time_percentile does not exist
2025-04-07 22:19:54,589 - org.apache.skywalking.oap.server.library.module.BootstrapFlow - 43 [main] INFO  [] - start the provider default in log-analyzer module.
2025-04-07 22:19:54,761 - org.apache.skywalking.oap.server.core.storage.model.ModelInstaller - 54 [main] INFO  [] - table: meter_nginx_service_error_log_count does not exist
2025-04-07 22:19:55,038 - org.apache.skywalking.oap.server.core.analysis.meter.MeterSystem - 202 [main] INFO  [] - Metric meter_nginx_service_error_log_count is already defined, so skip the metric creation.
2025-04-07 22:19:55,047 - org.apache.skywalking.oap.server.core.analysis.meter.MeterSystem - 202 [main] INFO  [] - Metric meter_nginx_instance_error_log_count is already defined, so skip the metric creation.
2025-04-07 22:19:55,164 - org.apache.skywalking.oap.server.core.analysis.meter.MeterSystem - 202 [main] INFO  [] - Metric meter_nginx_service_error_log_count is already defined, so skip the metric creation.
2025-04-07 22:19:55,177 - org.apache.skywalking.oap.server.core.analysis.meter.MeterSystem - 202 [main] INFO  [] - Metric meter_nginx_instance_error_log_count is already defined, so skip the metric creation.
2025-04-07 22:19:55,257 - org.apache.skywalking.oap.server.core.analysis.meter.MeterSystem - 202 [main] INFO  [] - Metric meter_nginx_service_error_log_count is already defined, so skip the metric creation.
2025-04-07 22:19:55,272 - org.apache.skywalking.oap.server.core.analysis.meter.MeterSystem - 202 [main] INFO  [] - Metric meter_nginx_instance_error_log_count is already defined, so skip the metric creation.
2025-04-07 22:19:55,326 - org.apache.skywalking.oap.server.core.analysis.meter.MeterSystem - 202 [main] INFO  [] - Metric meter_nginx_service_error_log_count is already defined, so skip the metric creation.
2025-04-07 22:19:55,338 - org.apache.skywalking.oap.server.core.analysis.meter.MeterSystem - 202 [main] INFO  [] - Metric meter_nginx_instance_error_log_count is already defined, so skip the metric creation.
2025-04-07 22:19:55,371 - org.apache.skywalking.oap.server.core.analysis.meter.MeterSystem - 202 [main] INFO  [] - Metric meter_nginx_service_error_log_count is already defined, so skip the metric creation.
2025-04-07 22:19:55,383 - org.apache.skywalking.oap.server.core.analysis.meter.MeterSystem - 202 [main] INFO  [] - Metric meter_nginx_instance_error_log_count is already defined, so skip the metric creation.
2025-04-07 22:19:55,425 - org.apache.skywalking.oap.server.core.analysis.meter.MeterSystem - 202 [main] INFO  [] - Metric meter_nginx_service_error_log_count is already defined, so skip the metric creation.
2025-04-07 22:19:55,435 - org.apache.skywalking.oap.server.core.analysis.meter.MeterSystem - 202 [main] INFO  [] - Metric meter_nginx_instance_error_log_count is already defined, so skip the metric creation.
2025-04-07 22:19:55,522 - org.apache.skywalking.oap.server.core.analysis.meter.MeterSystem - 202 [main] INFO  [] - Metric meter_nginx_service_error_log_count is already defined, so skip the metric creation.
2025-04-07 22:19:55,539 - org.apache.skywalking.oap.server.core.analysis.meter.MeterSystem - 202 [main] INFO  [] - Metric meter_nginx_instance_error_log_count is already defined, so skip the metric creation.
2025-04-07 22:19:55,569 - org.apache.skywalking.oap.server.core.analysis.meter.MeterSystem - 202 [main] INFO  [] - Metric meter_nginx_service_error_log_count is already defined, so skip the metric creation.
2025-04-07 22:19:55,578 - org.apache.skywalking.oap.server.core.analysis.meter.MeterSystem - 202 [main] INFO  [] - Metric meter_nginx_instance_error_log_count is already defined, so skip the metric creation.
2025-04-07 22:19:55,603 - org.apache.skywalking.oap.server.core.analysis.meter.MeterSystem - 202 [main] INFO  [] - Metric meter_nginx_service_error_log_count is already defined, so skip the metric creation.
2025-04-07 22:19:55,611 - org.apache.skywalking.oap.server.core.analysis.meter.MeterSystem - 202 [main] INFO  [] - Metric meter_nginx_instance_error_log_count is already defined, so skip the metric creation.
2025-04-07 22:19:55,611 - org.apache.skywalking.oap.server.library.module.BootstrapFlow - 43 [main] INFO  [] - start the provider default in receiver-sharing-server module.
2025-04-07 22:19:55,611 - org.apache.skywalking.oap.server.library.module.BootstrapFlow - 43 [main] INFO  [] - start the provider default in receiver-profile module.
2025-04-07 22:19:55,613 - org.apache.skywalking.oap.server.library.module.BootstrapFlow - 43 [main] INFO  [] - start the provider default in receiver-telegraf module.
2025-04-07 22:19:55,928 - org.apache.skywalking.oap.server.library.server.http.HTTPServer - 107 [main] INFO  [] - Bind handler TelegrafServiceHandler into http server 0.0.0.0:12800
2025-04-07 22:19:55,929 - org.apache.skywalking.oap.server.library.module.BootstrapFlow - 43 [main] INFO  [] - start the provider default in alarm module.
2025-04-07 22:19:55,929 - org.apache.skywalking.oap.server.library.module.BootstrapFlow - 43 [main] INFO  [] - start the provider default in promql module.
2025-04-07 22:19:55,981 - org.apache.skywalking.oap.server.library.server.http.HTTPServer - 98 [main] INFO  [] - Server root context path: /
2025-04-07 22:19:55,981 - org.apache.skywalking.oap.server.library.server.http.HTTPServer - 107 [main] INFO  [] - Bind handler PromQLApiHandler into http server 0.0.0.0:9090
2025-04-07 22:19:55,981 - org.apache.skywalking.oap.server.library.module.BootstrapFlow - 43 [main] INFO  [] - start the provider default in debugging-query module.
2025-04-07 22:19:55,982 - org.apache.skywalking.oap.server.library.server.http.HTTPServer - 107 [main] INFO  [] - Bind handler DebuggingHTTPHandler into http server 0.0.0.0:12800
2025-04-07 22:19:55,982 - org.apache.skywalking.oap.server.library.module.BootstrapFlow - 43 [main] INFO  [] - start the provider default in receiver-clr module.
2025-04-07 22:19:56,036 - org.apache.skywalking.oap.server.core.storage.model.ModelInstaller - 54 [main] INFO  [] - table: instance_clr_cpu does not exist
2025-04-07 22:19:56,094 - org.apache.skywalking.oap.server.core.storage.model.ModelInstaller - 54 [main] INFO  [] - table: instance_clr_gen0_collect_count does not exist
2025-04-07 22:19:56,226 - org.apache.skywalking.oap.server.core.storage.model.ModelInstaller - 54 [main] INFO  [] - table: instance_clr_available_completion_port_threads does not exist
2025-04-07 22:19:56,291 - org.apache.skywalking.oap.server.core.analysis.DispatcherManager - 117 [main] INFO  [] - Dispatcher org.apache.skywalking.oap.server.core.source.oal.rt.dispatcher.ServiceInstanceCLRCPUDispatcher is added into DefaultScopeDefine 19.
2025-04-07 22:19:56,291 - org.apache.skywalking.oap.server.core.analysis.DispatcherManager - 117 [main] INFO  [] - Dispatcher org.apache.skywalking.oap.server.core.source.oal.rt.dispatcher.ServiceInstanceCLRGCDispatcher is added into DefaultScopeDefine 20.
2025-04-07 22:19:56,291 - org.apache.skywalking.oap.server.core.analysis.DispatcherManager - 117 [main] INFO  [] - Dispatcher org.apache.skywalking.oap.server.core.source.oal.rt.dispatcher.ServiceInstanceCLRThreadDispatcher is added into DefaultScopeDefine 21.
2025-04-07 22:19:56,293 - org.apache.skywalking.oap.server.library.module.BootstrapFlow - 43 [main] INFO  [] - start the provider default in receiver-otel module.
2025-04-07 22:19:57,743 - org.apache.skywalking.oap.server.core.storage.model.ModelInstaller - 54 [main] INFO  [] - table: meter_apisix_instance_etcd_reachable does not exist
2025-04-07 22:19:58,047 - org.apache.skywalking.oap.server.core.analysis.meter.MeterSystem - 202 [main] INFO  [] - Metric meter_apisix_endpoint_http_status is already defined, so skip the metric creation.
2025-04-07 22:19:58,056 - org.apache.skywalking.oap.server.core.analysis.meter.MeterSystem - 202 [main] INFO  [] - Metric meter_apisix_endpoint_bandwidth is already defined, so skip the metric creation.
2025-04-07 22:19:58,067 - org.apache.skywalking.oap.server.core.analysis.meter.MeterSystem - 202 [main] INFO  [] - Metric meter_apisix_endpoint_http_latency is already defined, so skip the metric creation.
2025-04-07 22:19:59,191 - org.apache.skywalking.oap.server.core.storage.model.ModelInstaller - 54 [main] INFO  [] - table: eks_cluster_node_pod_number does not exist
2025-04-07 22:19:59,775 - org.apache.skywalking.oap.server.core.analysis.meter.MeterSystem - 202 [main] INFO  [] - Metric aws_gateway_endpoint_4xx is already defined, so skip the metric creation.
2025-04-07 22:19:59,794 - org.apache.skywalking.oap.server.core.analysis.meter.MeterSystem - 202 [main] INFO  [] - Metric aws_gateway_endpoint_5xx is already defined, so skip the metric creation.
2025-04-07 22:20:00,109 - org.apache.skywalking.oap.server.core.analysis.meter.MeterSystem - 202 [main] INFO  [] - Metric aws_gateway_service_4xx is already defined, so skip the metric creation.
2025-04-07 22:20:00,129 - org.apache.skywalking.oap.server.core.analysis.meter.MeterSystem - 202 [main] INFO  [] - Metric aws_gateway_service_5xx is already defined, so skip the metric creation.
2025-04-07 22:20:10,913 - org.apache.skywalking.oap.server.core.storage.model.ModelInstaller - 54 [main] INFO  [] - table: meter_rocketmq_broker_producer_message_size does not exist
2025-04-07 22:20:11,347 - org.apache.skywalking.oap.server.core.storage.model.ModelInstaller - 54 [main] INFO  [] - table: meter_rocketmq_topic_consumer_group_offset does not exist
2025-04-07 22:20:11,464 - org.apache.skywalking.oap.server.core.analysis.meter.MeterSystem - 202 [main] INFO  [] - Metric meter_vm_cpu_total_percentage is already defined, so skip the metric creation.
2025-04-07 22:20:11,470 - org.apache.skywalking.oap.server.core.analysis.meter.MeterSystem - 202 [main] INFO  [] - Metric meter_vm_cpu_average_used is already defined, so skip the metric creation.
2025-04-07 22:20:11,476 - org.apache.skywalking.oap.server.core.analysis.meter.MeterSystem - 202 [main] INFO  [] - Metric meter_vm_cpu_load1 is already defined, so skip the metric creation.
2025-04-07 22:20:11,482 - org.apache.skywalking.oap.server.core.analysis.meter.MeterSystem - 202 [main] INFO  [] - Metric meter_vm_cpu_load5 is already defined, so skip the metric creation.
2025-04-07 22:20:11,488 - org.apache.skywalking.oap.server.core.analysis.meter.MeterSystem - 202 [main] INFO  [] - Metric meter_vm_cpu_load15 is already defined, so skip the metric creation.
2025-04-07 22:20:11,495 - org.apache.skywalking.oap.server.core.analysis.meter.MeterSystem - 202 [main] INFO  [] - Metric meter_vm_memory_total is already defined, so skip the metric creation.
2025-04-07 22:20:11,501 - org.apache.skywalking.oap.server.core.analysis.meter.MeterSystem - 202 [main] INFO  [] - Metric meter_vm_memory_available is already defined, so skip the metric creation.
2025-04-07 22:20:11,509 - org.apache.skywalking.oap.server.core.analysis.meter.MeterSystem - 202 [main] INFO  [] - Metric meter_vm_memory_used is already defined, so skip the metric creation.
2025-04-07 22:20:11,536 - org.apache.skywalking.oap.server.core.analysis.meter.MeterSystem - 202 [main] INFO  [] - Metric meter_vm_memory_swap_free is already defined, so skip the metric creation.
2025-04-07 22:20:11,543 - org.apache.skywalking.oap.server.core.analysis.meter.MeterSystem - 202 [main] INFO  [] - Metric meter_vm_memory_swap_total is already defined, so skip the metric creation.
2025-04-07 22:20:11,550 - org.apache.skywalking.oap.server.core.analysis.meter.MeterSystem - 202 [main] INFO  [] - Metric meter_vm_memory_swap_percentage is already defined, so skip the metric creation.
2025-04-07 22:20:11,559 - org.apache.skywalking.oap.server.core.analysis.meter.MeterSystem - 202 [main] INFO  [] - Metric meter_vm_filesystem_percentage is already defined, so skip the metric creation.
2025-04-07 22:20:11,564 - org.apache.skywalking.oap.server.core.analysis.meter.MeterSystem - 202 [main] INFO  [] - Metric meter_vm_disk_read is already defined, so skip the metric creation.
2025-04-07 22:20:11,570 - org.apache.skywalking.oap.server.core.analysis.meter.MeterSystem - 202 [main] INFO  [] - Metric meter_vm_disk_written is already defined, so skip the metric creation.
2025-04-07 22:20:11,576 - org.apache.skywalking.oap.server.core.analysis.meter.MeterSystem - 202 [main] INFO  [] - Metric meter_vm_network_receive is already defined, so skip the metric creation.
2025-04-07 22:20:11,582 - org.apache.skywalking.oap.server.core.analysis.meter.MeterSystem - 202 [main] INFO  [] - Metric meter_vm_network_transmit is already defined, so skip the metric creation.
2025-04-07 22:20:11,587 - org.apache.skywalking.oap.server.core.analysis.meter.MeterSystem - 202 [main] INFO  [] - Metric meter_vm_tcp_curr_estab is already defined, so skip the metric creation.
2025-04-07 22:20:11,592 - org.apache.skywalking.oap.server.core.analysis.meter.MeterSystem - 202 [main] INFO  [] - Metric meter_vm_tcp_tw is already defined, so skip the metric creation.
2025-04-07 22:20:11,598 - org.apache.skywalking.oap.server.core.analysis.meter.MeterSystem - 202 [main] INFO  [] - Metric meter_vm_tcp_alloc is already defined, so skip the metric creation.
2025-04-07 22:20:11,618 - org.apache.skywalking.oap.server.core.analysis.meter.MeterSystem - 202 [main] INFO  [] - Metric meter_vm_udp_inuse is already defined, so skip the metric creation.
2025-04-07 22:20:11,809 - org.apache.skywalking.oap.server.library.module.BootstrapFlow - 43 [main] INFO  [] - start the provider default in receiver-trace module.
2025-04-07 22:20:11,811 - org.apache.skywalking.oap.server.library.server.http.HTTPServer - 107 [main] INFO  [] - Bind handler TraceSegmentReportHandler into http server 0.0.0.0:12800
2025-04-07 22:20:11,811 - org.apache.skywalking.oap.server.library.module.BootstrapFlow - 43 [main] INFO  [] - start the provider default in receiver-jvm module.
2025-04-07 22:20:12,107 - org.apache.skywalking.oap.server.core.analysis.DispatcherManager - 117 [main] INFO  [] - Dispatcher org.apache.skywalking.oap.server.core.source.oal.rt.dispatcher.ServiceInstanceJVMClassDispatcher is added into DefaultScopeDefine 44.
2025-04-07 22:20:12,107 - org.apache.skywalking.oap.server.core.analysis.DispatcherManager - 117 [main] INFO  [] - Dispatcher org.apache.skywalking.oap.server.core.source.oal.rt.dispatcher.ServiceInstanceJVMMemoryDispatcher is added into DefaultScopeDefine 9.
2025-04-07 22:20:12,108 - org.apache.skywalking.oap.server.core.analysis.DispatcherManager - 117 [main] INFO  [] - Dispatcher org.apache.skywalking.oap.server.core.source.oal.rt.dispatcher.ServiceInstanceJVMGCDispatcher is added into DefaultScopeDefine 11.
2025-04-07 22:20:12,108 - org.apache.skywalking.oap.server.core.analysis.DispatcherManager - 117 [main] INFO  [] - Dispatcher org.apache.skywalking.oap.server.core.source.oal.rt.dispatcher.ServiceInstanceJVMThreadDispatcher is added into DefaultScopeDefine 33.
2025-04-07 22:20:12,108 - org.apache.skywalking.oap.server.core.analysis.DispatcherManager - 117 [main] INFO  [] - Dispatcher org.apache.skywalking.oap.server.core.source.oal.rt.dispatcher.ServiceInstanceJVMCPUDispatcher is added into DefaultScopeDefine 8.
2025-04-07 22:20:12,108 - org.apache.skywalking.oap.server.core.analysis.DispatcherManager - 117 [main] INFO  [] - Dispatcher org.apache.skywalking.oap.server.core.source.oal.rt.dispatcher.ServiceInstanceJVMMemoryPoolDispatcher is added into DefaultScopeDefine 10.
2025-04-07 22:20:12,110 - org.apache.skywalking.oap.server.library.module.BootstrapFlow - 43 [main] INFO  [] - start the provider default in service-mesh module.
2025-04-07 22:20:12,230 - org.apache.skywalking.oap.server.core.analysis.DispatcherManager - 117 [main] INFO  [] - Dispatcher org.apache.skywalking.oap.server.core.source.oal.rt.dispatcher.ServiceMeshServiceRelationDispatcher is added into DefaultScopeDefine 4.
2025-04-07 22:20:12,230 - org.apache.skywalking.oap.server.core.analysis.DispatcherManager - 117 [main] INFO  [] - Dispatcher org.apache.skywalking.oap.server.core.source.oal.rt.dispatcher.ServiceMeshEndpointDispatcher is added into DefaultScopeDefine 3.
2025-04-07 22:20:12,230 - org.apache.skywalking.oap.server.core.analysis.DispatcherManager - 117 [main] INFO  [] - Dispatcher org.apache.skywalking.oap.server.core.source.oal.rt.dispatcher.ServiceMeshServiceInstanceDispatcher is added into DefaultScopeDefine 2.
2025-04-07 22:20:12,230 - org.apache.skywalking.oap.server.core.analysis.DispatcherManager - 117 [main] INFO  [] - Dispatcher org.apache.skywalking.oap.server.core.source.oal.rt.dispatcher.ServiceMeshServiceDispatcher is added into DefaultScopeDefine 1.
2025-04-07 22:20:12,230 - org.apache.skywalking.oap.server.core.analysis.DispatcherManager - 117 [main] INFO  [] - Dispatcher org.apache.skywalking.oap.server.core.source.oal.rt.dispatcher.ServiceMeshServiceInstanceRelationDispatcher is added into DefaultScopeDefine 5.
2025-04-07 22:20:12,232 - org.apache.skywalking.oap.server.library.module.BootstrapFlow - 43 [main] INFO  [] - start the provider default in configuration-discovery module.
2025-04-07 22:20:12,232 - org.apache.skywalking.oap.server.library.module.BootstrapFlow - 43 [main] INFO  [] - start the provider default in receiver-register module.
2025-04-07 22:20:12,234 - org.apache.skywalking.oap.server.library.server.http.HTTPServer - 107 [main] INFO  [] - Bind handler ManagementServiceHTTPHandler into http server 0.0.0.0:12800
2025-04-07 22:20:12,234 - org.apache.skywalking.oap.server.library.module.BootstrapFlow - 43 [main] INFO  [] - start the provider default in receiver-browser module.
2025-04-07 22:20:12,303 - org.apache.skywalking.oap.server.core.storage.model.ModelInstaller - 54 [main] INFO  [] - table: browser_app_error_rate does not exist
2025-04-07 22:20:12,388 - org.apache.skywalking.oap.server.core.storage.model.ModelInstaller - 54 [main] INFO  [] - table: browser_app_single_version_error_rate does not exist
2025-04-07 22:20:12,578 - org.apache.skywalking.oap.server.core.analysis.DispatcherManager - 117 [main] INFO  [] - Dispatcher org.apache.skywalking.oap.server.core.source.oal.rt.dispatcher.BrowserAppPagePerfDispatcher is added into DefaultScopeDefine 36.
2025-04-07 22:20:12,578 - org.apache.skywalking.oap.server.core.analysis.DispatcherManager - 117 [main] INFO  [] - Dispatcher org.apache.skywalking.oap.server.core.source.oal.rt.dispatcher.BrowserAppPageTrafficDispatcher is added into DefaultScopeDefine 40.
2025-04-07 22:20:12,578 - org.apache.skywalking.oap.server.core.analysis.DispatcherManager - 117 [main] INFO  [] - Dispatcher org.apache.skywalking.oap.server.core.source.oal.rt.dispatcher.BrowserAppSingleVersionTrafficDispatcher is added into DefaultScopeDefine 39.
2025-04-07 22:20:12,578 - org.apache.skywalking.oap.server.core.analysis.DispatcherManager - 117 [main] INFO  [] - Dispatcher org.apache.skywalking.oap.server.core.source.oal.rt.dispatcher.BrowserAppTrafficDispatcher is added into DefaultScopeDefine 38.
2025-04-07 22:20:12,581 - org.apache.skywalking.oap.server.library.server.http.HTTPServer - 107 [main] INFO  [] - Bind handler BrowserPerfServiceHTTPHandler into http server 0.0.0.0:12800
2025-04-07 22:20:12,581 - org.apache.skywalking.oap.server.library.module.BootstrapFlow - 43 [main] INFO  [] - start the provider default in receiver-event module.
2025-04-07 22:20:12,582 - org.apache.skywalking.oap.server.library.server.http.HTTPServer - 107 [main] INFO  [] - Bind handler EventRestServiceHandler into http server 0.0.0.0:12800
2025-04-07 22:20:12,582 - org.apache.skywalking.oap.server.library.module.BootstrapFlow - 43 [main] INFO  [] - start the provider default in receiver-log module.
2025-04-07 22:20:12,583 - org.apache.skywalking.oap.server.library.server.http.HTTPServer - 107 [main] INFO  [] - Bind handler LogReportServiceHTTPHandler into http server 0.0.0.0:12800
2025-04-07 22:20:12,583 - org.apache.skywalking.oap.server.library.module.BootstrapFlow - 43 [main] INFO  [] - start the provider default in receiver-ebpf module.
2025-04-07 22:20:14,958 - org.apache.skywalking.oap.server.core.analysis.DispatcherManager - 117 [main] INFO  [] - Dispatcher org.apache.skywalking.oap.server.core.source.oal.rt.dispatcher.K8SServiceInstanceDispatcher is added into DefaultScopeDefine 73.
2025-04-07 22:20:14,958 - org.apache.skywalking.oap.server.core.analysis.DispatcherManager - 117 [main] INFO  [] - Dispatcher org.apache.skywalking.oap.server.core.source.oal.rt.dispatcher.K8SServiceInstanceRelationDispatcher is added into DefaultScopeDefine 75.
2025-04-07 22:20:14,958 - org.apache.skywalking.oap.server.core.analysis.DispatcherManager - 117 [main] INFO  [] - Dispatcher org.apache.skywalking.oap.server.core.source.oal.rt.dispatcher.K8SServiceDispatcher is added into DefaultScopeDefine 72.
2025-04-07 22:20:14,959 - org.apache.skywalking.oap.server.core.analysis.DispatcherManager - 117 [main] INFO  [] - Dispatcher org.apache.skywalking.oap.server.core.source.oal.rt.dispatcher.K8SServiceRelationDispatcher is added into DefaultScopeDefine 74.
2025-04-07 22:20:14,959 - org.apache.skywalking.oap.server.core.analysis.DispatcherManager - 117 [main] INFO  [] - Dispatcher org.apache.skywalking.oap.server.core.source.oal.rt.dispatcher.K8SEndpointDispatcher is added into DefaultScopeDefine 76.
2025-04-07 22:20:14,966 - org.apache.skywalking.oap.server.library.module.BootstrapFlow - 43 [main] INFO  [] - start the provider default in aws-firehose module.
2025-04-07 22:20:14,966 - org.apache.skywalking.oap.server.library.server.http.HTTPServer - 107 [main] INFO  [] - Bind handler FirehoseHTTPHandler into http server 0.0.0.0:12801
2025-04-07 22:20:14,966 - org.apache.skywalking.oap.server.library.module.BootstrapFlow - 43 [main] INFO  [] - start the provider default in receiver-meter module.
2025-04-07 22:20:14,968 - org.apache.skywalking.oap.server.library.module.BootstrapFlow - 43 [main] INFO  [] - start the provider default in envoy-metric module.
2025-04-07 22:20:15,609 - com.linecorp.armeria.common.util.SystemInfo - 260 [main] INFO  [] - hostname: desktop-zkr (from 'hostname' command)
2025-04-07 22:20:15,894 - com.linecorp.armeria.server.Server - 813 [armeria-boss-http-*:12800] INFO  [] - Serving HTTP at /[0:0:0:0:0:0:0:0]:12800 - http://127.0.0.1:12800/
2025-04-07 22:20:15,895 - org.apache.skywalking.oap.server.core.storage.PersistenceTimer - 58 [main] INFO  [] - persistence timer start
2025-04-07 22:20:15,896 - org.apache.skywalking.oap.server.core.cache.CacheUpdateTimer - 46 [main] INFO  [] - Cache updateServiceInventory timer start
2025-04-07 22:20:17,230 - com.linecorp.armeria.server.Server - 813 [armeria-boss-http-*:3100] INFO  [] - Serving HTTP at /[0:0:0:0:0:0:0:0]:3100 - http://127.0.0.1:3100/
2025-04-07 22:20:17,255 - org.apache.skywalking.oap.server.core.alarm.provider.AlarmRulesWatcher - 134 [main] INFO  [] - Update alarm rules to Rules(rules=[AlarmRule(alarmRuleName=service_resp_time_rule, expression=sum(service_resp_time > 1000) >= 3, includeMetrics=[service_resp_time], includeNames=[], includeNamesRegex=, excludeNames=[], excludeNamesRegex=, period=10, silencePeriod=5, message=Response time of service {name} is more than 1000ms in 3 minutes of last 10 minutes., tags={}, hooks=[], maxTrendRange=0), AlarmRule(alarmRuleName=service_sla_rule, expression=sum(service_sla < 8000) >= 2, includeMetrics=[service_sla], includeNames=[], includeNamesRegex=, excludeNames=[], excludeNamesRegex=, period=10, silencePeriod=3, message=Successful rate of service {name} is lower than 80% in 2 minutes of last 10 minutes, tags={}, hooks=[], maxTrendRange=0), AlarmRule(alarmRuleName=service_resp_time_percentile_rule, expression=sum(service_percentile{p='50,75,90,95,99'} > 1000) >= 3, includeMetrics=[service_percentile], includeNames=[], includeNamesRegex=, excludeNames=[], excludeNamesRegex=, period=10, silencePeriod=5, message=Percentile response time of service {name} alarm in 3 minutes of last 10 minutes, due to more than one condition of p50 > 1000, p75 > 1000, p90 > 1000, p95 > 1000, p99 > 1000, tags={}, hooks=[], maxTrendRange=0), AlarmRule(alarmRuleName=service_instance_resp_time_rule, expression=sum(service_instance_resp_time > 1000) >= 2, includeMetrics=[service_instance_resp_time], includeNames=[], includeNamesRegex=, excludeNames=[], excludeNamesRegex=, period=10, silencePeriod=5, message=Response time of service instance {name} is more than 1000ms in 2 minutes of last 10 minutes, tags={}, hooks=[], maxTrendRange=0), AlarmRule(alarmRuleName=database_access_resp_time_rule, expression=sum(database_access_resp_time > 1000) >= 2, includeMetrics=[database_access_resp_time], includeNames=[], includeNamesRegex=, excludeNames=[], excludeNamesRegex=, period=10, silencePeriod=10, message=Response time of database access {name} is more than 1000ms in 2 minutes of last 10 minutes, tags={}, hooks=[], maxTrendRange=0), AlarmRule(alarmRuleName=endpoint_relation_resp_time_rule, expression=sum(endpoint_relation_resp_time > 1000) >= 2, includeMetrics=[endpoint_relation_resp_time], includeNames=[], includeNamesRegex=, excludeNames=[], excludeNamesRegex=, period=10, silencePeriod=10, message=Response time of endpoint relation {name} is more than 1000ms in 2 minutes of last 10 minutes, tags={}, hooks=[], maxTrendRange=0)], webhookSettingsMap={}, grpcAlarmSettingMap={}, slackSettingsMap={}, wechatSettingsMap={}, dingtalkSettingsMap={}, feishuSettingsMap={}, weLinkSettingsMap={}, pagerDutySettingsMap={}, discordSettingsMap={})
2025-04-07 22:20:17,294 - com.linecorp.armeria.server.Server - 813 [armeria-boss-http-*:9090] INFO  [] - Serving HTTP at /[0:0:0:0:0:0:0:0]:9090 - http://127.0.0.1:9090/
2025-04-07 22:20:17,312 - com.linecorp.armeria.server.Server - 813 [armeria-boss-http-*:12801] INFO  [] - Serving HTTP at /[0:0:0:0:0:0:0:0]:12801 - http://127.0.0.1:12801/
2025-04-07 22:20:17,319 - org.apache.skywalking.oap.server.starter.OAPServerBootstrap - 67 [main] INFO  [] - The key booting parameters of Apache SkyWalking OAP are listed as following.

Running Mode                               |   null          
TTL.metrics                                |   7             
TTL.record                                 |   3             
Version                                    |   10.1.0-d28dfea
module.agent-analyzer.provider             |   default       
module.ai-pipeline.provider                |   default       
module.alarm.provider                      |   default       
module.aws-firehose.provider               |   default       
module.cluster.provider                    |   standalone    
module.configuration-discovery.provider    |   default       
module.configuration.provider              |   none          
module.core.provider                       |   default       
module.debugging-query.provider            |   default       
module.envoy-metric.provider               |   default       
module.event-analyzer.provider             |   default       
module.log-analyzer.provider               |   default       
module.logql.provider                      |   default       
module.promql.provider                     |   default       
module.query.provider                      |   graphql       
module.receiver-browser.provider           |   default       
module.receiver-clr.provider               |   default       
module.receiver-ebpf.provider              |   default       
module.receiver-event.provider             |   default       
module.receiver-jvm.provider               |   default       
module.receiver-log.provider               |   default       
module.receiver-meter.provider             |   default       
module.receiver-otel.provider              |   default       
module.receiver-profile.provider           |   default       
module.receiver-register.provider          |   default       
module.receiver-sharing-server.provider    |   default       
module.receiver-telegraf.provider          |   default       
module.receiver-trace.provider             |   default       
module.service-mesh.provider               |   default       
module.storage.provider                    |   mysql         
module.telemetry.provider                  |   none          
oap.external.grpc.host                     |   0.0.0.0       
oap.external.grpc.port                     |   11800         
oap.external.http.host                     |   0.0.0.0       
oap.external.http.port                     |   12800         
oap.internal.comm.host                     |   0.0.0.0       
oap.internal.comm.port                     |   11800         

2025-04-07 22:20:18,116 - com.linecorp.armeria.internal.common.JavaVersionSpecific - 45 [armeria-eventloop-nio-6-1] INFO  [] - Using the APIs optimized for: Java 12+
2025-04-07 22:20:28,173 - com.linecorp.armeria.server.HttpServerHandler - 115 [armeria-eventloop-nio-6-1] WARN  [] - [id: 0xde1d626c, L:/127.0.0.1:12800 - R:/127.0.0.1:5674][h2c] Unexpected exception:
java.io.IOException: 你的主机中的软件中止了一个已建立的连接。
	at sun.nio.ch.SocketDispatcher.read0(Native Method) ~[?:?]
	at sun.nio.ch.SocketDispatcher.read(SocketDispatcher.java:46) ~[?:?]
	at sun.nio.ch.IOUtil.readIntoNativeBuffer(IOUtil.java:276) ~[?:?]
	at sun.nio.ch.IOUtil.read(IOUtil.java:233) ~[?:?]
	at sun.nio.ch.IOUtil.read(IOUtil.java:223) ~[?:?]
	at sun.nio.ch.SocketChannelImpl.read(SocketChannelImpl.java:389) ~[?:?]
	at io.netty.buffer.PooledByteBuf.setBytes(PooledByteBuf.java:255) ~[netty-buffer-4.1.108.Final.jar:4.1.108.Final]
	at io.netty.buffer.AbstractByteBuf.writeBytes(AbstractByteBuf.java:1132) ~[netty-buffer-4.1.108.Final.jar:4.1.108.Final]
	at io.netty.channel.socket.nio.NioSocketChannel.doReadBytes(NioSocketChannel.java:357) ~[netty-transport-4.1.108.Final.jar:4.1.108.Final]
	at io.netty.channel.nio.AbstractNioByteChannel$NioByteUnsafe.read(AbstractNioByteChannel.java:151) [netty-transport-4.1.108.Final.jar:4.1.108.Final]
	at io.netty.channel.nio.NioEventLoop.processSelectedKey(NioEventLoop.java:788) [netty-transport-4.1.108.Final.jar:4.1.108.Final]
	at io.netty.channel.nio.NioEventLoop.processSelectedKeysOptimized(NioEventLoop.java:724) [netty-transport-4.1.108.Final.jar:4.1.108.Final]
	at io.netty.channel.nio.NioEventLoop.processSelectedKeys(NioEventLoop.java:650) [netty-transport-4.1.108.Final.jar:4.1.108.Final]
	at io.netty.channel.nio.NioEventLoop.run(NioEventLoop.java:562) [netty-transport-4.1.108.Final.jar:4.1.108.Final]
	at io.netty.util.concurrent.SingleThreadEventExecutor$4.run(SingleThreadEventExecutor.java:997) [netty-common-4.1.108.Final.jar:4.1.108.Final]
	at io.netty.util.internal.ThreadExecutorMap$2.run(ThreadExecutorMap.java:74) [netty-common-4.1.108.Final.jar:4.1.108.Final]
	at io.netty.util.concurrent.FastThreadLocalRunnable.run(FastThreadLocalRunnable.java:30) [netty-common-4.1.108.Final.jar:4.1.108.Final]
	at java.lang.Thread.run(Thread.java:832) [?:?]
2025-04-07 22:21:18,155 - com.linecorp.armeria.server.HttpServerHandler - 115 [armeria-eventloop-nio-6-2] WARN  [] - [id: 0x62b0fda9, L:/127.0.0.1:12800 - R:/127.0.0.1:5708][h2c] Unexpected exception:
java.io.IOException: 你的主机中的软件中止了一个已建立的连接。
	at sun.nio.ch.SocketDispatcher.read0(Native Method) ~[?:?]
	at sun.nio.ch.SocketDispatcher.read(SocketDispatcher.java:46) ~[?:?]
	at sun.nio.ch.IOUtil.readIntoNativeBuffer(IOUtil.java:276) ~[?:?]
	at sun.nio.ch.IOUtil.read(IOUtil.java:233) ~[?:?]
	at sun.nio.ch.IOUtil.read(IOUtil.java:223) ~[?:?]
	at sun.nio.ch.SocketChannelImpl.read(SocketChannelImpl.java:389) ~[?:?]
	at io.netty.buffer.PooledByteBuf.setBytes(PooledByteBuf.java:255) ~[netty-buffer-4.1.108.Final.jar:4.1.108.Final]
	at io.netty.buffer.AbstractByteBuf.writeBytes(AbstractByteBuf.java:1132) ~[netty-buffer-4.1.108.Final.jar:4.1.108.Final]
	at io.netty.channel.socket.nio.NioSocketChannel.doReadBytes(NioSocketChannel.java:357) ~[netty-transport-4.1.108.Final.jar:4.1.108.Final]
	at io.netty.channel.nio.AbstractNioByteChannel$NioByteUnsafe.read(AbstractNioByteChannel.java:151) [netty-transport-4.1.108.Final.jar:4.1.108.Final]
	at io.netty.channel.nio.NioEventLoop.processSelectedKey(NioEventLoop.java:788) [netty-transport-4.1.108.Final.jar:4.1.108.Final]
	at io.netty.channel.nio.NioEventLoop.processSelectedKeysOptimized(NioEventLoop.java:724) [netty-transport-4.1.108.Final.jar:4.1.108.Final]
	at io.netty.channel.nio.NioEventLoop.processSelectedKeys(NioEventLoop.java:650) [netty-transport-4.1.108.Final.jar:4.1.108.Final]
	at io.netty.channel.nio.NioEventLoop.run(NioEventLoop.java:562) [netty-transport-4.1.108.Final.jar:4.1.108.Final]
	at io.netty.util.concurrent.SingleThreadEventExecutor$4.run(SingleThreadEventExecutor.java:997) [netty-common-4.1.108.Final.jar:4.1.108.Final]
	at io.netty.util.internal.ThreadExecutorMap$2.run(ThreadExecutorMap.java:74) [netty-common-4.1.108.Final.jar:4.1.108.Final]
	at io.netty.util.concurrent.FastThreadLocalRunnable.run(FastThreadLocalRunnable.java:30) [netty-common-4.1.108.Final.jar:4.1.108.Final]
	at java.lang.Thread.run(Thread.java:832) [?:?]
2025-04-07 22:21:28,625 - com.linecorp.armeria.server.HttpServerHandler - 115 [armeria-eventloop-nio-6-3] WARN  [] - [id: 0xe4396c32, L:/127.0.0.1:12800 - R:/127.0.0.1:5822][h2c] Unexpected exception:
java.io.IOException: 你的主机中的软件中止了一个已建立的连接。
	at sun.nio.ch.SocketDispatcher.read0(Native Method) ~[?:?]
	at sun.nio.ch.SocketDispatcher.read(SocketDispatcher.java:46) ~[?:?]
	at sun.nio.ch.IOUtil.readIntoNativeBuffer(IOUtil.java:276) ~[?:?]
	at sun.nio.ch.IOUtil.read(IOUtil.java:233) ~[?:?]
	at sun.nio.ch.IOUtil.read(IOUtil.java:223) ~[?:?]
	at sun.nio.ch.SocketChannelImpl.read(SocketChannelImpl.java:389) ~[?:?]
	at io.netty.buffer.PooledByteBuf.setBytes(PooledByteBuf.java:255) ~[netty-buffer-4.1.108.Final.jar:4.1.108.Final]
	at io.netty.buffer.AbstractByteBuf.writeBytes(AbstractByteBuf.java:1132) ~[netty-buffer-4.1.108.Final.jar:4.1.108.Final]
	at io.netty.channel.socket.nio.NioSocketChannel.doReadBytes(NioSocketChannel.java:357) ~[netty-transport-4.1.108.Final.jar:4.1.108.Final]
	at io.netty.channel.nio.AbstractNioByteChannel$NioByteUnsafe.read(AbstractNioByteChannel.java:151) [netty-transport-4.1.108.Final.jar:4.1.108.Final]
	at io.netty.channel.nio.NioEventLoop.processSelectedKey(NioEventLoop.java:788) [netty-transport-4.1.108.Final.jar:4.1.108.Final]
	at io.netty.channel.nio.NioEventLoop.processSelectedKeysOptimized(NioEventLoop.java:724) [netty-transport-4.1.108.Final.jar:4.1.108.Final]
	at io.netty.channel.nio.NioEventLoop.processSelectedKeys(NioEventLoop.java:650) [netty-transport-4.1.108.Final.jar:4.1.108.Final]
	at io.netty.channel.nio.NioEventLoop.run(NioEventLoop.java:562) [netty-transport-4.1.108.Final.jar:4.1.108.Final]
	at io.netty.util.concurrent.SingleThreadEventExecutor$4.run(SingleThreadEventExecutor.java:997) [netty-common-4.1.108.Final.jar:4.1.108.Final]
	at io.netty.util.internal.ThreadExecutorMap$2.run(ThreadExecutorMap.java:74) [netty-common-4.1.108.Final.jar:4.1.108.Final]
	at io.netty.util.concurrent.FastThreadLocalRunnable.run(FastThreadLocalRunnable.java:30) [netty-common-4.1.108.Final.jar:4.1.108.Final]
	at java.lang.Thread.run(Thread.java:832) [?:?]
